"indicator","session","currency","Unit","Date","Value"
"Middle Rate","1200","Euro","Malaysian ringgit","01/03/2006",4.4853
"Middle Rate","1200","Euro","Malaysian ringgit","01/04/2006",4.5549
"Middle Rate","1200","Euro","Malaysian ringgit","01/05/2006",4.5573
"Middle Rate","1200","Euro","Malaysian ringgit","01/06/2006",4.5402
"Middle Rate","1200","Euro","Malaysian ringgit","01/09/2006",4.552
"Middle Rate","1200","Euro","Malaysian ringgit","01/11/2006",4.5264
"Middle Rate","1200","Euro","Malaysian ringgit","01/12/2006",4.5453
"Middle Rate","1200","Euro","Malaysian ringgit","01/13/2006",4.5055
"Middle Rate","1200","Euro","Malaysian ringgit","01/16/2006",4.5427
"Middle Rate","1200","Euro","Malaysian ringgit","01/17/2006",4.5408
"Middle Rate","1200","Euro","Malaysian ringgit","01/18/2006",4.5449
"Middle Rate","1200","Euro","Malaysian ringgit","01/19/2006",4.5398
"Middle Rate","1200","Euro","Malaysian ringgit","01/20/2006",4.527
"Middle Rate","1200","Euro","Malaysian ringgit","01/23/2006",4.5954
"Middle Rate","1200","Euro","Malaysian ringgit","01/24/2006",4.6047
"Middle Rate","1200","Euro","Malaysian ringgit","01/25/2006",4.5994
"Middle Rate","1200","Euro","Malaysian ringgit","01/26/2006",4.5907
"Middle Rate","1200","Euro","Malaysian ringgit","01/27/2006",4.5813
"Middle Rate","1200","Euro","Malaysian ringgit","02/03/2006",4.5377
"Middle Rate","1200","Euro","Malaysian ringgit","02/06/2006",4.4951
"Middle Rate","1200","Euro","Malaysian ringgit","02/07/2006",4.4714
"Middle Rate","1200","Euro","Malaysian ringgit","02/08/2006",4.4732
"Middle Rate","1200","Euro","Malaysian ringgit","02/09/2006",4.4637
"Middle Rate","1200","Euro","Malaysian ringgit","02/10/2006",4.4663
"Middle Rate","1200","Euro","Malaysian ringgit","02/13/2006",4.428
"Middle Rate","1200","Euro","Malaysian ringgit","02/14/2006",4.4311
"Middle Rate","1200","Euro","Malaysian ringgit","02/15/2006",4.4376
"Middle Rate","1200","Euro","Malaysian ringgit","02/16/2006",4.4249
"Middle Rate","1200","Euro","Malaysian ringgit","02/17/2006",4.4227
"Middle Rate","1200","Euro","Malaysian ringgit","02/20/2006",4.4498
"Middle Rate","1200","Euro","Malaysian ringgit","02/21/2006",4.4381
"Middle Rate","1200","Euro","Malaysian ringgit","02/22/2006",4.4342
"Middle Rate","1200","Euro","Malaysian ringgit","02/23/2006",4.4249
"Middle Rate","1200","Euro","Malaysian ringgit","02/24/2006",4.4306
"Middle Rate","1200","Euro","Malaysian ringgit","02/27/2006",4.4063
"Middle Rate","1200","Euro","Malaysian ringgit","02/28/2006",4.4055
"Middle Rate","1200","Euro","Malaysian ringgit","03/01/2006",4.4336
"Middle Rate","1200","Euro","Malaysian ringgit","03/02/2006",4.4212
"Middle Rate","1200","Euro","Malaysian ringgit","03/03/2006",4.4533
"Middle Rate","1200","Euro","Malaysian ringgit","03/06/2006",4.4733
"Middle Rate","1200","Euro","Malaysian ringgit","03/07/2006",4.45
"Middle Rate","1200","Euro","Malaysian ringgit","03/08/2006",4.4218
"Middle Rate","1200","Euro","Malaysian ringgit","03/09/2006",4.4445
"Middle Rate","1200","Euro","Malaysian ringgit","03/10/2006",4.4332
"Middle Rate","1200","Euro","Malaysian ringgit","03/13/2006",4.4427
"Middle Rate","1200","Euro","Malaysian ringgit","03/14/2006",4.449
"Middle Rate","1200","Euro","Malaysian ringgit","03/15/2006",4.4562
"Middle Rate","1200","Euro","Malaysian ringgit","03/16/2006",4.4659
"Middle Rate","1200","Euro","Malaysian ringgit","03/17/2006",4.5091
"Middle Rate","1200","Euro","Malaysian ringgit","03/20/2006",4.5084
"Middle Rate","1200","Euro","Malaysian ringgit","03/21/2006",4.4923
"Middle Rate","1200","Euro","Malaysian ringgit","03/22/2006",4.4622
"Middle Rate","1200","Euro","Malaysian ringgit","03/23/2006",4.4485
"Middle Rate","1200","Euro","Malaysian ringgit","03/24/2006",4.4251
"Middle Rate","1200","Euro","Malaysian ringgit","03/27/2006",4.4484
"Middle Rate","1200","Euro","Malaysian ringgit","03/28/2006",4.4334
"Middle Rate","1200","Euro","Malaysian ringgit","03/29/2006",4.4363
"Middle Rate","1200","Euro","Malaysian ringgit","03/30/2006",4.455
"Middle Rate","1200","Euro","Malaysian ringgit","03/31/2006",4.4829
"Middle Rate","1200","Euro","Malaysian ringgit","04/03/2006",4.4441
"Middle Rate","1200","Euro","Malaysian ringgit","04/04/2006",4.4687
"Middle Rate","1200","Euro","Malaysian ringgit","04/05/2006",4.5071
"Middle Rate","1200","Euro","Malaysian ringgit","04/06/2006",4.5104
"Middle Rate","1200","Euro","Malaysian ringgit","04/07/2006",4.4768
"Middle Rate","1200","Euro","Malaysian ringgit","04/10/2006",4.4436
"Middle Rate","1200","Euro","Malaysian ringgit","04/12/2006",4.4599
"Middle Rate","1200","Euro","Malaysian ringgit","04/13/2006",4.4511
"Middle Rate","1200","Euro","Malaysian ringgit","04/14/2006",4.4486
"Middle Rate","1200","Euro","Malaysian ringgit","04/17/2006",4.4721
"Middle Rate","1200","Euro","Malaysian ringgit","04/18/2006",4.5013
"Middle Rate","1200","Euro","Malaysian ringgit","04/19/2006",4.5298
"Middle Rate","1200","Euro","Malaysian ringgit","04/20/2006",4.5273
"Middle Rate","1200","Euro","Malaysian ringgit","04/21/2006",4.5081
"Middle Rate","1200","Euro","Malaysian ringgit","04/24/2006",4.5082
"Middle Rate","1200","Euro","Malaysian ringgit","04/25/2006",4.5091
"Middle Rate","1200","Euro","Malaysian ringgit","04/26/2006",4.5219
"Middle Rate","1200","Euro","Malaysian ringgit","04/27/2006",4.5229
"Middle Rate","1200","Euro","Malaysian ringgit","04/28/2006",4.5415
"Middle Rate","1200","Euro","Malaysian ringgit","05/02/2006",4.5479
"Middle Rate","1200","Euro","Malaysian ringgit","05/03/2006",4.5638
"Middle Rate","1200","Euro","Malaysian ringgit","05/04/2006",4.5578
"Middle Rate","1200","Euro","Malaysian ringgit","05/05/2006",4.5776
"Middle Rate","1200","Euro","Malaysian ringgit","05/08/2006",4.5768
"Middle Rate","1200","Euro","Malaysian ringgit","05/09/2006",4.5635
"Middle Rate","1200","Euro","Malaysian ringgit","05/10/2006",4.5734
"Middle Rate","1200","Euro","Malaysian ringgit","05/11/2006",4.5636
"Middle Rate","1200","Euro","Malaysian ringgit","05/15/2006",4.6557
"Middle Rate","1200","Euro","Malaysian ringgit","05/16/2006",4.6425
"Middle Rate","1200","Euro","Malaysian ringgit","05/17/2006",4.6154
"Middle Rate","1200","Euro","Malaysian ringgit","05/18/2006",4.6131
"Middle Rate","1200","Euro","Malaysian ringgit","05/19/2006",4.6342
"Middle Rate","1200","Euro","Malaysian ringgit","05/22/2006",4.6335
"Middle Rate","1200","Euro","Malaysian ringgit","05/23/2006",4.6692
"Middle Rate","1200","Euro","Malaysian ringgit","05/24/2006",4.6586
"Middle Rate","1200","Euro","Malaysian ringgit","05/25/2006",4.6548
"Middle Rate","1200","Euro","Malaysian ringgit","05/26/2006",4.6566
"Middle Rate","1200","Euro","Malaysian ringgit","05/29/2006",4.6319
"Middle Rate","1200","Euro","Malaysian ringgit","05/30/2006",4.6373
"Middle Rate","1200","Euro","Malaysian ringgit","05/31/2006",4.6689
"Middle Rate","1200","Euro","Malaysian ringgit","06/01/2006",4.6432
"Middle Rate","1200","Euro","Malaysian ringgit","06/02/2006",4.6614
"Middle Rate","1200","Euro","Malaysian ringgit","06/05/2006",4.7043
"Middle Rate","1200","Euro","Malaysian ringgit","06/06/2006",4.6967
"Middle Rate","1200","Euro","Malaysian ringgit","06/07/2006",4.6879
"Middle Rate","1200","Euro","Malaysian ringgit","06/08/2006",4.6877
"Middle Rate","1200","Euro","Malaysian ringgit","06/09/2006",4.637
"Middle Rate","1200","Euro","Malaysian ringgit","06/12/2006",4.6394
"Middle Rate","1200","Euro","Malaysian ringgit","06/13/2006",4.6372
"Middle Rate","1200","Euro","Malaysian ringgit","06/14/2006",4.6321
"Middle Rate","1200","Euro","Malaysian ringgit","06/15/2006",4.6148
"Middle Rate","1200","Euro","Malaysian ringgit","06/16/2006",4.6074
"Middle Rate","1200","Euro","Malaysian ringgit","06/19/2006",4.611
"Middle Rate","1200","Euro","Malaysian ringgit","06/20/2006",4.6153
"Middle Rate","1200","Euro","Malaysian ringgit","06/21/2006",4.6174
"Middle Rate","1200","Euro","Malaysian ringgit","06/22/2006",4.6367
"Middle Rate","1200","Euro","Malaysian ringgit","06/23/2006",4.6221
"Middle Rate","1200","Euro","Malaysian ringgit","06/26/2006",4.6242
"Middle Rate","1200","Euro","Malaysian ringgit","06/27/2006",4.6403
"Middle Rate","1200","Euro","Malaysian ringgit","06/28/2006",4.6323
"Middle Rate","1200","Euro","Malaysian ringgit","06/29/2006",4.6254
"Middle Rate","1200","Euro","Malaysian ringgit","06/30/2006",4.6698
"Middle Rate","1200","Euro","Malaysian ringgit","07/03/2006",4.6832
"Middle Rate","1200","Euro","Malaysian ringgit","07/04/2006",4.6748
"Middle Rate","1200","Euro","Malaysian ringgit","07/05/2006",4.6595
"Middle Rate","1200","Euro","Malaysian ringgit","07/06/2006",4.6659
"Middle Rate","1200","Euro","Malaysian ringgit","07/07/2006",4.6691
"Middle Rate","1200","Euro","Malaysian ringgit","07/10/2006",4.6544
"Middle Rate","1200","Euro","Malaysian ringgit","07/11/2006",4.6506
"Middle Rate","1200","Euro","Malaysian ringgit","07/12/2006",4.6607
"Middle Rate","1200","Euro","Malaysian ringgit","07/13/2006",4.6549
"Middle Rate","1200","Euro","Malaysian ringgit","07/14/2006",4.6605
"Middle Rate","1200","Euro","Malaysian ringgit","07/17/2006",4.6509
"Middle Rate","1200","Euro","Malaysian ringgit","07/18/2006",4.6206
"Middle Rate","1200","Euro","Malaysian ringgit","07/19/2006",4.6079
"Middle Rate","1200","Euro","Malaysian ringgit","07/20/2006",4.6428
"Middle Rate","1200","Euro","Malaysian ringgit","07/21/2006",4.6592
"Middle Rate","1200","Euro","Malaysian ringgit","07/24/2006",4.6663
"Middle Rate","1200","Euro","Malaysian ringgit","07/25/2006",4.6589
"Middle Rate","1200","Euro","Malaysian ringgit","07/26/2006",4.6399
"Middle Rate","1200","Euro","Malaysian ringgit","07/27/2006",4.6707
"Middle Rate","1200","Euro","Malaysian ringgit","07/28/2006",4.6616
"Middle Rate","1200","Euro","Malaysian ringgit","07/31/2006",4.6653
"Middle Rate","1200","Euro","Malaysian ringgit","08/01/2006",4.6716
"Middle Rate","1200","Euro","Malaysian ringgit","08/02/2006",4.7072
"Middle Rate","1200","Euro","Malaysian ringgit","08/03/2006",4.6923
"Middle Rate","1200","Euro","Malaysian ringgit","08/04/2006",4.7094
"Middle Rate","1200","Euro","Malaysian ringgit","08/07/2006",4.7109
"Middle Rate","1200","Euro","Malaysian ringgit","08/08/2006",4.7017
"Middle Rate","1200","Euro","Malaysian ringgit","08/09/2006",4.7052
"Middle Rate","1200","Euro","Malaysian ringgit","08/10/2006",4.7194
"Middle Rate","1200","Euro","Malaysian ringgit","08/11/2006",4.6936
"Middle Rate","1200","Euro","Malaysian ringgit","08/14/2006",4.6961
"Middle Rate","1200","Euro","Malaysian ringgit","08/15/2006",4.6867
"Middle Rate","1200","Euro","Malaysian ringgit","08/16/2006",4.7081
"Middle Rate","1200","Euro","Malaysian ringgit","08/17/2006",4.7269
"Middle Rate","1200","Euro","Malaysian ringgit","08/18/2006",4.7148
"Middle Rate","1200","Euro","Malaysian ringgit","08/21/2006",4.7263
"Middle Rate","1200","Euro","Malaysian ringgit","08/22/2006",4.7313
"Middle Rate","1200","Euro","Malaysian ringgit","08/23/2006",4.7
"Middle Rate","1200","Euro","Malaysian ringgit","08/24/2006",4.6962
"Middle Rate","1200","Euro","Malaysian ringgit","08/25/2006",4.6946
"Middle Rate","1200","Euro","Malaysian ringgit","08/28/2006",4.7124
"Middle Rate","1200","Euro","Malaysian ringgit","08/29/2006",4.716
"Middle Rate","1200","Euro","Malaysian ringgit","08/30/2006",4.7181
"Middle Rate","1200","Euro","Malaysian ringgit","09/01/2006",4.7111
"Middle Rate","1200","Euro","Malaysian ringgit","09/04/2006",4.7065
"Middle Rate","1200","Euro","Malaysian ringgit","09/05/2006",4.6945
"Middle Rate","1200","Euro","Malaysian ringgit","09/06/2006",4.6755
"Middle Rate","1200","Euro","Malaysian ringgit","09/07/2006",4.6774
"Middle Rate","1200","Euro","Malaysian ringgit","09/08/2006",4.6494
"Middle Rate","1200","Euro","Malaysian ringgit","09/11/2006",4.6503
"Middle Rate","1200","Euro","Malaysian ringgit","09/12/2006",4.6739
"Middle Rate","1200","Euro","Malaysian ringgit","09/13/2006",4.6586
"Middle Rate","1200","Euro","Malaysian ringgit","09/14/2006",4.659
"Middle Rate","1200","Euro","Malaysian ringgit","09/15/2006",4.6745
"Middle Rate","1200","Euro","Malaysian ringgit","09/18/2006",4.6544
"Middle Rate","1200","Euro","Malaysian ringgit","09/19/2006",4.6894
"Middle Rate","1200","Euro","Malaysian ringgit","09/20/2006",4.6736
"Middle Rate","1200","Euro","Malaysian ringgit","09/21/2006",4.6703
"Middle Rate","1200","Euro","Malaysian ringgit","09/22/2006",4.6996
"Middle Rate","1200","Euro","Malaysian ringgit","09/25/2006",4.7091
"Middle Rate","1200","Euro","Malaysian ringgit","09/26/2006",4.6909
"Middle Rate","1200","Euro","Malaysian ringgit","09/27/2006",4.6764
"Middle Rate","1200","Euro","Malaysian ringgit","09/28/2006",4.6874
"Middle Rate","1200","Euro","Malaysian ringgit","09/29/2006",4.6821
"Middle Rate","1200","Euro","Malaysian ringgit","10/02/2006",4.6727
"Middle Rate","1200","Euro","Malaysian ringgit","10/03/2006",4.7001
"Middle Rate","1200","Euro","Malaysian ringgit","10/04/2006",4.6938
"Middle Rate","1200","Euro","Malaysian ringgit","10/05/2006",4.685
"Middle Rate","1200","Euro","Malaysian ringgit","10/06/2006",4.6799
"Middle Rate","1200","Euro","Malaysian ringgit","10/09/2006",4.6547
"Middle Rate","1200","Euro","Malaysian ringgit","10/10/2006",4.6479
"Middle Rate","1200","Euro","Malaysian ringgit","10/11/2006",4.6366
"Middle Rate","1200","Euro","Malaysian ringgit","10/12/2006",4.6302
"Middle Rate","1200","Euro","Malaysian ringgit","10/13/2006",4.6276
"Middle Rate","1200","Euro","Malaysian ringgit","10/16/2006",4.6084
"Middle Rate","1200","Euro","Malaysian ringgit","10/17/2006",4.6116
"Middle Rate","1200","Euro","Malaysian ringgit","10/18/2006",4.6067
"Middle Rate","1200","Euro","Malaysian ringgit","10/19/2006",4.6066
"Middle Rate","1200","Euro","Malaysian ringgit","10/20/2006",4.6452
"Middle Rate","1200","Euro","Malaysian ringgit","10/26/2006",4.6386
"Middle Rate","1200","Euro","Malaysian ringgit","10/27/2006",4.6425
"Middle Rate","1200","Euro","Malaysian ringgit","10/30/2006",4.6334
"Middle Rate","1200","Euro","Malaysian ringgit","10/31/2006",4.6382
"Middle Rate","1200","Euro","Malaysian ringgit","11/01/2006",4.6532
"Middle Rate","1200","Euro","Malaysian ringgit","11/02/2006",4.6667
"Middle Rate","1200","Euro","Malaysian ringgit","11/03/2006",4.6621
"Middle Rate","1200","Euro","Malaysian ringgit","11/06/2006",4.6467
"Middle Rate","1200","Euro","Malaysian ringgit","11/07/2006",4.6525
"Middle Rate","1200","Euro","Malaysian ringgit","11/08/2006",4.6558
"Middle Rate","1200","Euro","Malaysian ringgit","11/09/2006",4.6543
"Middle Rate","1200","Euro","Malaysian ringgit","11/10/2006",4.6815
"Middle Rate","1200","Euro","Malaysian ringgit","11/13/2006",4.6766
"Middle Rate","1200","Euro","Malaysian ringgit","11/14/2006",4.664
"Middle Rate","1200","Euro","Malaysian ringgit","11/15/2006",4.6706
"Middle Rate","1200","Euro","Malaysian ringgit","11/16/2006",4.6882
"Middle Rate","1200","Euro","Malaysian ringgit","11/17/2006",4.6756
"Middle Rate","1200","Euro","Malaysian ringgit","11/20/2006",4.6821
"Middle Rate","1200","Euro","Malaysian ringgit","11/21/2006",4.6772
"Middle Rate","1200","Euro","Malaysian ringgit","11/22/2006",4.6909
"Middle Rate","1200","Euro","Malaysian ringgit","11/23/2006",4.7042
"Middle Rate","1200","Euro","Malaysian ringgit","11/24/2006",4.7115
"Middle Rate","1200","Euro","Malaysian ringgit","11/27/2006",4.7691
"Middle Rate","1200","Euro","Malaysian ringgit","11/28/2006",4.785
"Middle Rate","1200","Euro","Malaysian ringgit","11/29/2006",4.7907
"Middle Rate","1200","Euro","Malaysian ringgit","11/30/2006",4.7626
"Middle Rate","1200","Euro","Malaysian ringgit","12/01/2006",4.7698
"Middle Rate","1200","Euro","Malaysian ringgit","12/04/2006",4.7794
"Middle Rate","1200","Euro","Malaysian ringgit","12/05/2006",4.7687
"Middle Rate","1200","Euro","Malaysian ringgit","12/06/2006",4.7406
"Middle Rate","1200","Euro","Malaysian ringgit","12/07/2006",4.7101
"Middle Rate","1200","Euro","Malaysian ringgit","12/08/2006",4.725
"Middle Rate","1200","Euro","Malaysian ringgit","12/11/2006",4.6778
"Middle Rate","1200","Euro","Malaysian ringgit","12/12/2006",4.6985
"Middle Rate","1200","Euro","Malaysian ringgit","12/13/2006",4.7094
"Middle Rate","1200","Euro","Malaysian ringgit","12/14/2006",4.6938
"Middle Rate","1200","Euro","Malaysian ringgit","12/15/2006",4.6661
"Middle Rate","1200","Euro","Malaysian ringgit","12/18/2006",4.6525
"Middle Rate","1200","Euro","Malaysian ringgit","12/19/2006",4.6635
"Middle Rate","1200","Euro","Malaysian ringgit","12/20/2006",4.7078
"Middle Rate","1200","Euro","Malaysian ringgit","12/21/2006",4.6787
"Middle Rate","1200","Euro","Malaysian ringgit","12/22/2006",4.6693
"Middle Rate","1200","Euro","Malaysian ringgit","12/26/2006",4.6471
"Middle Rate","1200","Euro","Malaysian ringgit","12/27/2006",4.6452
"Middle Rate","1200","Euro","Malaysian ringgit","12/28/2006",4.6315
"Middle Rate","1200","Euro","Malaysian ringgit","12/29/2006",4.646
"Middle Rate","1200","Euro","Malaysian ringgit","01/03/2007",4.6686
"Middle Rate","1200","Euro","Malaysian ringgit","01/04/2007",4.6339
"Middle Rate","1200","Euro","Malaysian ringgit","01/05/2007",4.5959
"Middle Rate","1200","Euro","Malaysian ringgit","01/08/2007",4.5744
"Middle Rate","1200","Euro","Malaysian ringgit","01/09/2007",4.5737
"Middle Rate","1200","Euro","Malaysian ringgit","01/10/2007",4.5601
"Middle Rate","1200","Euro","Malaysian ringgit","01/11/2007",4.5535
"Middle Rate","1200","Euro","Malaysian ringgit","01/12/2007",4.5378
"Middle Rate","1200","Euro","Malaysian ringgit","01/15/2007",4.5358
"Middle Rate","1200","Euro","Malaysian ringgit","01/16/2007",4.5332
"Middle Rate","1200","Euro","Malaysian ringgit","01/17/2007",4.5258
"Middle Rate","1200","Euro","Malaysian ringgit","01/18/2007",4.543
"Middle Rate","1200","Euro","Malaysian ringgit","01/19/2007",4.5508
"Middle Rate","1200","Euro","Malaysian ringgit","01/22/2007",4.5467
"Middle Rate","1200","Euro","Malaysian ringgit","01/23/2007",4.5332
"Middle Rate","1200","Euro","Malaysian ringgit","01/24/2007",4.5623
"Middle Rate","1200","Euro","Malaysian ringgit","01/25/2007",4.5358
"Middle Rate","1200","Euro","Malaysian ringgit","01/26/2007",4.5291
"Middle Rate","1200","Euro","Malaysian ringgit","01/29/2007",4.5228
"Middle Rate","1200","Euro","Malaysian ringgit","01/30/2007",4.542
"Middle Rate","1200","Euro","Malaysian ringgit","01/31/2007",4.5388
"Middle Rate","1200","Euro","Malaysian ringgit","02/02/2007",4.5578
"Middle Rate","1200","Euro","Malaysian ringgit","02/05/2007",4.5291
"Middle Rate","1200","Euro","Malaysian ringgit","02/06/2007",4.5181
"Middle Rate","1200","Euro","Malaysian ringgit","02/07/2007",4.5367
"Middle Rate","1200","Euro","Malaysian ringgit","02/08/2007",4.5504
"Middle Rate","1200","Euro","Malaysian ringgit","02/09/2007",4.5553
"Middle Rate","1200","Euro","Malaysian ringgit","02/12/2007",4.5503
"Middle Rate","1200","Euro","Malaysian ringgit","02/13/2007",4.5319
"Middle Rate","1200","Euro","Malaysian ringgit","02/14/2007",4.5616
"Middle Rate","1200","Euro","Malaysian ringgit","02/15/2007",4.5921
"Middle Rate","1200","Euro","Malaysian ringgit","02/16/2007",4.5877
"Middle Rate","1200","Euro","Malaysian ringgit","02/21/2007",4.5916
"Middle Rate","1200","Euro","Malaysian ringgit","02/22/2007",4.5904
"Middle Rate","1200","Euro","Malaysian ringgit","02/23/2007",4.5863
"Middle Rate","1200","Euro","Malaysian ringgit","02/26/2007",4.606
"Middle Rate","1200","Euro","Malaysian ringgit","02/27/2007",4.6044
"Middle Rate","1200","Euro","Malaysian ringgit","02/28/2007",4.6332
"Middle Rate","1200","Euro","Malaysian ringgit","03/01/2007",4.6354
"Middle Rate","1200","Euro","Malaysian ringgit","03/02/2007",4.6288
"Middle Rate","1200","Euro","Malaysian ringgit","03/05/2007",4.621
"Middle Rate","1200","Euro","Malaysian ringgit","03/06/2007",4.6091
"Middle Rate","1200","Euro","Malaysian ringgit","03/07/2007",4.6071
"Middle Rate","1200","Euro","Malaysian ringgit","03/08/2007",4.6238
"Middle Rate","1200","Euro","Malaysian ringgit","03/09/2007",4.613
"Middle Rate","1200","Euro","Malaysian ringgit","03/12/2007",4.59
"Middle Rate","1200","Euro","Malaysian ringgit","03/13/2007",4.6186
"Middle Rate","1200","Euro","Malaysian ringgit","03/14/2007",4.6406
"Middle Rate","1200","Euro","Malaysian ringgit","03/15/2007",4.6421
"Middle Rate","1200","Euro","Malaysian ringgit","03/16/2007",4.6702
"Middle Rate","1200","Euro","Malaysian ringgit","03/19/2007",4.6624
"Middle Rate","1200","Euro","Malaysian ringgit","03/20/2007",4.6474
"Middle Rate","1200","Euro","Malaysian ringgit","03/21/2007",4.6358
"Middle Rate","1200","Euro","Malaysian ringgit","03/22/2007",4.6379
"Middle Rate","1200","Euro","Malaysian ringgit","03/23/2007",4.6215
"Middle Rate","1200","Euro","Malaysian ringgit","03/26/2007",4.5811
"Middle Rate","1200","Euro","Malaysian ringgit","03/27/2007",4.6007
"Middle Rate","1200","Euro","Malaysian ringgit","03/28/2007",4.6208
"Middle Rate","1200","Euro","Malaysian ringgit","03/29/2007",4.6099
"Middle Rate","1200","Euro","Malaysian ringgit","03/30/2007",4.6105
"Middle Rate","1200","Euro","Malaysian ringgit","04/02/2007",4.6125
"Middle Rate","1200","Euro","Malaysian ringgit","04/03/2007",4.6285
"Middle Rate","1200","Euro","Malaysian ringgit","04/04/2007",4.6099
"Middle Rate","1200","Euro","Malaysian ringgit","04/05/2007",4.617
"Middle Rate","1200","Euro","Malaysian ringgit","04/06/2007",4.6294
"Middle Rate","1200","Euro","Malaysian ringgit","04/09/2007",4.6054
"Middle Rate","1200","Euro","Malaysian ringgit","04/10/2007",4.6256
"Middle Rate","1200","Euro","Malaysian ringgit","04/11/2007",4.6277
"Middle Rate","1200","Euro","Malaysian ringgit","04/12/2007",4.6473
"Middle Rate","1200","Euro","Malaysian ringgit","04/13/2007",4.6514
"Middle Rate","1200","Euro","Malaysian ringgit","04/16/2007",4.6614
"Middle Rate","1200","Euro","Malaysian ringgit","04/17/2007",4.6503
"Middle Rate","1200","Euro","Malaysian ringgit","04/18/2007",4.6608
"Middle Rate","1200","Euro","Malaysian ringgit","04/19/2007",4.6592
"Middle Rate","1200","Euro","Malaysian ringgit","04/20/2007",4.664
"Middle Rate","1200","Euro","Malaysian ringgit","04/23/2007",4.65
"Middle Rate","1200","Euro","Malaysian ringgit","04/24/2007",4.6423
"Middle Rate","1200","Euro","Malaysian ringgit","04/25/2007",4.6633
"Middle Rate","1200","Euro","Malaysian ringgit","04/27/2007",4.6543
"Middle Rate","1200","Euro","Malaysian ringgit","04/30/2007",4.6709
"Middle Rate","1200","Euro","Malaysian ringgit","05/03/2007",4.6539
"Middle Rate","1200","Euro","Malaysian ringgit","05/04/2007",4.6322
"Middle Rate","1200","Euro","Malaysian ringgit","05/07/2007",4.6517
"Middle Rate","1200","Euro","Malaysian ringgit","05/08/2007",4.6473
"Middle Rate","1200","Euro","Malaysian ringgit","05/09/2007",4.6163
"Middle Rate","1200","Euro","Malaysian ringgit","05/10/2007",4.6021
"Middle Rate","1200","Euro","Malaysian ringgit","05/11/2007",4.5938
"Middle Rate","1200","Euro","Malaysian ringgit","05/14/2007",4.6089
"Middle Rate","1200","Euro","Malaysian ringgit","05/15/2007",4.6076
"Middle Rate","1200","Euro","Malaysian ringgit","05/16/2007",4.6231
"Middle Rate","1200","Euro","Malaysian ringgit","05/17/2007",4.6007
"Middle Rate","1200","Euro","Malaysian ringgit","05/18/2007",4.5874
"Middle Rate","1200","Euro","Malaysian ringgit","05/21/2007",4.5846
"Middle Rate","1200","Euro","Malaysian ringgit","05/22/2007",4.5638
"Middle Rate","1200","Euro","Malaysian ringgit","05/23/2007",4.5591
"Middle Rate","1200","Euro","Malaysian ringgit","05/24/2007",4.5543
"Middle Rate","1200","Euro","Malaysian ringgit","05/25/2007",4.5507
"Middle Rate","1200","Euro","Malaysian ringgit","05/28/2007",4.5596
"Middle Rate","1200","Euro","Malaysian ringgit","05/29/2007",4.5499
"Middle Rate","1200","Euro","Malaysian ringgit","05/30/2007",4.5715
"Middle Rate","1200","Euro","Malaysian ringgit","05/31/2007",4.5724
"Middle Rate","1200","Euro","Malaysian ringgit","06/01/2007",4.5708
"Middle Rate","1200","Euro","Malaysian ringgit","06/04/2007",4.5651
"Middle Rate","1200","Euro","Malaysian ringgit","06/05/2007",4.591
"Middle Rate","1200","Euro","Malaysian ringgit","06/06/2007",4.6213
"Middle Rate","1200","Euro","Malaysian ringgit","06/07/2007",4.6388
"Middle Rate","1200","Euro","Malaysian ringgit","06/08/2007",4.6353
"Middle Rate","1200","Euro","Malaysian ringgit","06/11/2007",4.6171
"Middle Rate","1200","Euro","Malaysian ringgit","06/12/2007",4.6234
"Middle Rate","1200","Euro","Malaysian ringgit","06/13/2007",4.6155
"Middle Rate","1200","Euro","Malaysian ringgit","06/14/2007",4.6111
"Middle Rate","1200","Euro","Malaysian ringgit","06/15/2007",4.6083
"Middle Rate","1200","Euro","Malaysian ringgit","06/18/2007",4.6025
"Middle Rate","1200","Euro","Malaysian ringgit","06/19/2007",4.6083
"Middle Rate","1200","Euro","Malaysian ringgit","06/20/2007",4.61
"Middle Rate","1200","Euro","Malaysian ringgit","06/21/2007",4.6184
"Middle Rate","1200","Euro","Malaysian ringgit","06/22/2007",4.6238
"Middle Rate","1200","Euro","Malaysian ringgit","06/25/2007",4.6601
"Middle Rate","1200","Euro","Malaysian ringgit","06/26/2007",4.6658
"Middle Rate","1200","Euro","Malaysian ringgit","06/27/2007",4.6887
"Middle Rate","1200","Euro","Malaysian ringgit","06/28/2007",4.6715
"Middle Rate","1200","Euro","Malaysian ringgit","06/29/2007",4.6425
"Middle Rate","1200","Euro","Malaysian ringgit","07/02/2007",4.6628
"Middle Rate","1200","Euro","Malaysian ringgit","07/03/2007",4.6863
"Middle Rate","1200","Euro","Malaysian ringgit","07/04/2007",4.6985
"Middle Rate","1200","Euro","Malaysian ringgit","07/05/2007",4.7045
"Middle Rate","1200","Euro","Malaysian ringgit","07/06/2007",4.6937
"Middle Rate","1200","Euro","Malaysian ringgit","07/09/2007",4.6865
"Middle Rate","1200","Euro","Malaysian ringgit","07/10/2007",4.6756
"Middle Rate","1200","Euro","Malaysian ringgit","07/11/2007",4.7394
"Middle Rate","1200","Euro","Malaysian ringgit","07/12/2007",4.7499
"Middle Rate","1200","Euro","Malaysian ringgit","07/13/2007",4.7493
"Middle Rate","1200","Euro","Malaysian ringgit","07/16/2007",4.75
"Middle Rate","1200","Euro","Malaysian ringgit","07/17/2007",4.7494
"Middle Rate","1200","Euro","Malaysian ringgit","07/18/2007",4.7703
"Middle Rate","1200","Euro","Malaysian ringgit","07/19/2007",4.7508
"Middle Rate","1200","Euro","Malaysian ringgit","07/20/2007",4.7288
"Middle Rate","1200","Euro","Malaysian ringgit","07/23/2007",4.7279
"Middle Rate","1200","Euro","Malaysian ringgit","07/24/2007",4.7019
"Middle Rate","1200","Euro","Malaysian ringgit","07/25/2007",4.7177
"Middle Rate","1200","Euro","Malaysian ringgit","07/26/2007",4.7
"Middle Rate","1200","Euro","Malaysian ringgit","07/27/2007",4.7594
"Middle Rate","1200","Euro","Malaysian ringgit","07/30/2007",4.7305
"Middle Rate","1200","Euro","Malaysian ringgit","07/31/2007",4.738
"Middle Rate","1200","Euro","Malaysian ringgit","08/01/2007",4.7426
"Middle Rate","1200","Euro","Malaysian ringgit","08/02/2007",4.746
"Middle Rate","1200","Euro","Malaysian ringgit","08/03/2007",4.7479
"Middle Rate","1200","Euro","Malaysian ringgit","08/06/2007",4.7967
"Middle Rate","1200","Euro","Malaysian ringgit","08/07/2007",4.784
"Middle Rate","1200","Euro","Malaysian ringgit","08/08/2007",4.7618
"Middle Rate","1200","Euro","Malaysian ringgit","08/09/2007",4.7681
"Middle Rate","1200","Euro","Malaysian ringgit","08/10/2007",4.7503
"Middle Rate","1200","Euro","Malaysian ringgit","08/13/2007",4.762
"Middle Rate","1200","Euro","Malaysian ringgit","08/14/2007",4.7326
"Middle Rate","1200","Euro","Malaysian ringgit","08/15/2007",4.7198
"Middle Rate","1200","Euro","Malaysian ringgit","08/16/2007",4.7014
"Middle Rate","1200","Euro","Malaysian ringgit","08/17/2007",4.7193
"Middle Rate","1200","Euro","Malaysian ringgit","08/20/2007",4.7244
"Middle Rate","1200","Euro","Malaysian ringgit","08/21/2007",4.7098
"Middle Rate","1200","Euro","Malaysian ringgit","08/22/2007",4.712
"Middle Rate","1200","Euro","Malaysian ringgit","08/23/2007",4.7005
"Middle Rate","1200","Euro","Malaysian ringgit","08/24/2007",4.7344
"Middle Rate","1200","Euro","Malaysian ringgit","08/27/2007",4.7558
"Middle Rate","1200","Euro","Malaysian ringgit","08/28/2007",4.7659
"Middle Rate","1200","Euro","Malaysian ringgit","08/29/2007",4.7618
"Middle Rate","1200","Euro","Malaysian ringgit","08/30/2007",4.786
"Middle Rate","1200","Euro","Malaysian ringgit","09/03/2007",4.7697
"Middle Rate","1200","Euro","Malaysian ringgit","09/04/2007",4.7684
"Middle Rate","1200","Euro","Malaysian ringgit","09/05/2007",4.776
"Middle Rate","1200","Euro","Malaysian ringgit","09/06/2007",4.7886
"Middle Rate","1200","Euro","Malaysian ringgit","09/07/2007",4.7871
"Middle Rate","1200","Euro","Malaysian ringgit","09/10/2007",4.8414
"Middle Rate","1200","Euro","Malaysian ringgit","09/11/2007",4.8556
"Middle Rate","1200","Euro","Malaysian ringgit","09/12/2007",4.8495
"Middle Rate","1200","Euro","Malaysian ringgit","09/13/2007",4.8499
"Middle Rate","1200","Euro","Malaysian ringgit","09/14/2007",4.8273
"Middle Rate","1200","Euro","Malaysian ringgit","09/17/2007",4.8358
"Middle Rate","1200","Euro","Malaysian ringgit","09/18/2007",4.839
"Middle Rate","1200","Euro","Malaysian ringgit","09/19/2007",4.8289
"Middle Rate","1200","Euro","Malaysian ringgit","09/20/2007",4.8165
"Middle Rate","1200","Euro","Malaysian ringgit","09/21/2007",4.8483
"Middle Rate","1200","Euro","Malaysian ringgit","09/24/2007",4.84
"Middle Rate","1200","Euro","Malaysian ringgit","09/25/2007",4.8367
"Middle Rate","1200","Euro","Malaysian ringgit","09/26/2007",4.8427
"Middle Rate","1200","Euro","Malaysian ringgit","09/27/2007",4.8336
"Middle Rate","1200","Euro","Malaysian ringgit","09/28/2007",4.841
"Middle Rate","1200","Euro","Malaysian ringgit","10/01/2007",4.8431
"Middle Rate","1200","Euro","Malaysian ringgit","10/02/2007",4.8316
"Middle Rate","1200","Euro","Malaysian ringgit","10/03/2007",4.8326
"Middle Rate","1200","Euro","Malaysian ringgit","10/04/2007",4.8216
"Middle Rate","1200","Euro","Malaysian ringgit","10/05/2007",4.8149
"Middle Rate","1200","Euro","Malaysian ringgit","10/08/2007",4.7895
"Middle Rate","1200","Euro","Malaysian ringgit","10/09/2007",4.7694
"Middle Rate","1200","Euro","Malaysian ringgit","10/10/2007",4.7795
"Middle Rate","1200","Euro","Malaysian ringgit","10/11/2007",4.7814
"Middle Rate","1200","Euro","Malaysian ringgit","10/12/2007",4.7872
"Middle Rate","1200","Euro","Malaysian ringgit","10/16/2007",4.8062
"Middle Rate","1200","Euro","Malaysian ringgit","10/17/2007",4.7995
"Middle Rate","1200","Euro","Malaysian ringgit","10/18/2007",4.7999
"Middle Rate","1200","Euro","Malaysian ringgit","10/19/2007",4.8085
"Middle Rate","1200","Euro","Malaysian ringgit","10/22/2007",4.8324
"Middle Rate","1200","Euro","Malaysian ringgit","10/23/2007",4.7957
"Middle Rate","1200","Euro","Malaysian ringgit","10/24/2007",4.8051
"Middle Rate","1200","Euro","Malaysian ringgit","10/25/2007",4.7964
"Middle Rate","1200","Euro","Malaysian ringgit","10/26/2007",4.799
"Middle Rate","1200","Euro","Malaysian ringgit","10/29/2007",4.8149
"Middle Rate","1200","Euro","Malaysian ringgit","10/30/2007",4.8224
"Middle Rate","1200","Euro","Malaysian ringgit","10/31/2007",4.8257
"Middle Rate","1200","Euro","Malaysian ringgit","11/01/2007",4.8172
"Middle Rate","1200","Euro","Malaysian ringgit","11/02/2007",4.8302
"Middle Rate","1200","Euro","Malaysian ringgit","11/05/2007",4.8508
"Middle Rate","1200","Euro","Malaysian ringgit","11/06/2007",4.8553
"Middle Rate","1200","Euro","Malaysian ringgit","11/07/2007",4.874
"Middle Rate","1200","Euro","Malaysian ringgit","11/09/2007",4.8916
"Middle Rate","1200","Euro","Malaysian ringgit","11/12/2007",4.888
"Middle Rate","1200","Euro","Malaysian ringgit","11/13/2007",4.8826
"Middle Rate","1200","Euro","Malaysian ringgit","11/14/2007",4.8965
"Middle Rate","1200","Euro","Malaysian ringgit","11/15/2007",4.9345
"Middle Rate","1200","Euro","Malaysian ringgit","11/16/2007",4.9439
"Middle Rate","1200","Euro","Malaysian ringgit","11/19/2007",4.936
"Middle Rate","1200","Euro","Malaysian ringgit","11/20/2007",4.9522
"Middle Rate","1200","Euro","Malaysian ringgit","11/21/2007",4.9943
"Middle Rate","1200","Euro","Malaysian ringgit","11/22/2007",5.0277
"Middle Rate","1200","Euro","Malaysian ringgit","11/23/2007",5.0417
"Middle Rate","1200","Euro","Malaysian ringgit","11/26/2007",4.9786
"Middle Rate","1200","Euro","Malaysian ringgit","11/27/2007",5.0127
"Middle Rate","1200","Euro","Malaysian ringgit","11/28/2007",5.001
"Middle Rate","1200","Euro","Malaysian ringgit","11/29/2007",4.9988
"Middle Rate","1200","Euro","Malaysian ringgit","11/30/2007",4.9508
"Middle Rate","1200","Euro","Malaysian ringgit","12/03/2007",4.9257
"Middle Rate","1200","Euro","Malaysian ringgit","12/04/2007",4.9147
"Middle Rate","1200","Euro","Malaysian ringgit","12/05/2007",4.9374
"Middle Rate","1200","Euro","Malaysian ringgit","12/06/2007",4.8838
"Middle Rate","1200","Euro","Malaysian ringgit","12/07/2007",4.874
"Middle Rate","1200","Euro","Malaysian ringgit","12/10/2007",4.8687
"Middle Rate","1200","Euro","Malaysian ringgit","12/11/2007",4.882
"Middle Rate","1200","Euro","Malaysian ringgit","12/12/2007",4.8714
"Middle Rate","1200","Euro","Malaysian ringgit","12/13/2007",4.8771
"Middle Rate","1200","Euro","Malaysian ringgit","12/14/2007",4.8492
"Middle Rate","1200","Euro","Malaysian ringgit","12/17/2007",4.8119
"Middle Rate","1200","Euro","Malaysian ringgit","12/18/2007",4.8241
"Middle Rate","1200","Euro","Malaysian ringgit","12/19/2007",4.8263
"Middle Rate","1200","Euro","Malaysian ringgit","12/21/2007",4.8093
"Middle Rate","1200","Euro","Malaysian ringgit","12/24/2007",4.8025
"Middle Rate","1200","Euro","Malaysian ringgit","12/26/2007",4.8137
"Middle Rate","1200","Euro","Malaysian ringgit","12/27/2007",4.836
"Middle Rate","1200","Euro","Malaysian ringgit","12/28/2007",4.8563
"Middle Rate","1200","Euro","Malaysian ringgit","12/31/2007",4.8756
"Middle Rate","1200","Euro","Malaysian ringgit","01/02/2008",4.8394
"Middle Rate","1200","Euro","Malaysian ringgit","01/03/2008",4.8642
"Middle Rate","1200","Euro","Malaysian ringgit","01/04/2008",4.84
"Middle Rate","1200","Euro","Malaysian ringgit","01/07/2008",4.8318
"Middle Rate","1200","Euro","Malaysian ringgit","01/08/2008",4.8128
"Middle Rate","1200","Euro","Malaysian ringgit","01/09/2008",4.8163
"Middle Rate","1200","Euro","Malaysian ringgit","01/11/2008",4.823
"Middle Rate","1200","Euro","Malaysian ringgit","01/14/2008",4.824
"Middle Rate","1200","Euro","Malaysian ringgit","01/15/2008",4.8458
"Middle Rate","1200","Euro","Malaysian ringgit","01/16/2008",4.8398
"Middle Rate","1200","Euro","Malaysian ringgit","01/17/2008",4.8085
"Middle Rate","1200","Euro","Malaysian ringgit","01/18/2008",4.8047
"Middle Rate","1200","Euro","Malaysian ringgit","01/21/2008",4.7557
"Middle Rate","1200","Euro","Malaysian ringgit","01/22/2008",4.7653
"Middle Rate","1200","Euro","Malaysian ringgit","01/24/2008",4.7783
"Middle Rate","1200","Euro","Malaysian ringgit","01/25/2008",4.7869
"Middle Rate","1200","Euro","Malaysian ringgit","01/28/2008",4.7605
"Middle Rate","1200","Euro","Malaysian ringgit","01/29/2008",4.7793
"Middle Rate","1200","Euro","Malaysian ringgit","01/30/2008",4.7836
"Middle Rate","1200","Euro","Malaysian ringgit","01/31/2008",4.803
"Middle Rate","1200","Euro","Malaysian ringgit","02/04/2008",4.7826
"Middle Rate","1200","Euro","Malaysian ringgit","02/05/2008",4.7882
"Middle Rate","1200","Euro","Malaysian ringgit","02/06/2008",4.7296
"Middle Rate","1200","Euro","Malaysian ringgit","02/11/2008",4.7038
"Middle Rate","1200","Euro","Malaysian ringgit","02/12/2008",4.7077
"Middle Rate","1200","Euro","Malaysian ringgit","02/13/2008",4.7161
"Middle Rate","1200","Euro","Malaysian ringgit","02/14/2008",4.7163
"Middle Rate","1200","Euro","Malaysian ringgit","02/15/2008",4.7283
"Middle Rate","1200","Euro","Malaysian ringgit","02/18/2008",4.7278
"Middle Rate","1200","Euro","Malaysian ringgit","02/19/2008",4.7223
"Middle Rate","1200","Euro","Malaysian ringgit","02/20/2008",4.744
"Middle Rate","1200","Euro","Malaysian ringgit","02/21/2008",4.7421
"Middle Rate","1200","Euro","Malaysian ringgit","02/22/2008",4.7618
"Middle Rate","1200","Euro","Malaysian ringgit","02/25/2008",4.7656
"Middle Rate","1200","Euro","Malaysian ringgit","02/26/2008",4.7647
"Middle Rate","1200","Euro","Malaysian ringgit","02/27/2008",4.8027
"Middle Rate","1200","Euro","Malaysian ringgit","02/28/2008",4.8361
"Middle Rate","1200","Euro","Malaysian ringgit","02/29/2008",4.8406
"Middle Rate","1200","Euro","Malaysian ringgit","03/03/2008",4.8656
"Middle Rate","1200","Euro","Malaysian ringgit","03/04/2008",4.8488
"Middle Rate","1200","Euro","Malaysian ringgit","03/05/2008",4.8332
"Middle Rate","1200","Euro","Malaysian ringgit","03/06/2008",4.8393
"Middle Rate","1200","Euro","Malaysian ringgit","03/07/2008",4.8797
"Middle Rate","1200","Euro","Malaysian ringgit","03/10/2008",4.9255
"Middle Rate","1200","Euro","Malaysian ringgit","03/11/2008",4.9191
"Middle Rate","1200","Euro","Malaysian ringgit","03/12/2008",4.8905
"Middle Rate","1200","Euro","Malaysian ringgit","03/13/2008",4.9227
"Middle Rate","1200","Euro","Malaysian ringgit","03/14/2008",4.9432
"Middle Rate","1200","Euro","Malaysian ringgit","03/17/2008",5.0546
"Middle Rate","1200","Euro","Malaysian ringgit","03/18/2008",5.0207
"Middle Rate","1200","Euro","Malaysian ringgit","03/19/2008",4.9689
"Middle Rate","1200","Euro","Malaysian ringgit","03/21/2008",4.9247
"Middle Rate","1200","Euro","Malaysian ringgit","03/24/2008",4.9114
"Middle Rate","1200","Euro","Malaysian ringgit","03/25/2008",4.9784
"Middle Rate","1200","Euro","Malaysian ringgit","03/26/2008",4.9722
"Middle Rate","1200","Euro","Malaysian ringgit","03/27/2008",5.0543
"Middle Rate","1200","Euro","Malaysian ringgit","03/28/2008",5.0667
"Middle Rate","1200","Euro","Malaysian ringgit","03/31/2008",5.0369
"Middle Rate","1200","Euro","Malaysian ringgit","04/01/2008",5.0166
"Middle Rate","1200","Euro","Malaysian ringgit","04/02/2008",4.973
"Middle Rate","1200","Euro","Malaysian ringgit","04/03/2008",4.9897
"Middle Rate","1200","Euro","Malaysian ringgit","04/04/2008",4.9985
"Middle Rate","1200","Euro","Malaysian ringgit","04/07/2008",4.9945
"Middle Rate","1200","Euro","Malaysian ringgit","04/08/2008",5.021
"Middle Rate","1200","Euro","Malaysian ringgit","04/09/2008",4.9997
"Middle Rate","1200","Euro","Malaysian ringgit","04/10/2008",4.9948
"Middle Rate","1200","Euro","Malaysian ringgit","04/11/2008",4.9724
"Middle Rate","1200","Euro","Malaysian ringgit","04/14/2008",4.9685
"Middle Rate","1200","Euro","Malaysian ringgit","04/15/2008",5.0053
"Middle Rate","1200","Euro","Malaysian ringgit","04/16/2008",4.9934
"Middle Rate","1200","Euro","Malaysian ringgit","04/17/2008",5.0263
"Middle Rate","1200","Euro","Malaysian ringgit","04/18/2008",5.0037
"Middle Rate","1200","Euro","Malaysian ringgit","04/21/2008",4.9771
"Middle Rate","1200","Euro","Malaysian ringgit","04/22/2008",5.0003
"Middle Rate","1200","Euro","Malaysian ringgit","04/23/2008",5.0081
"Middle Rate","1200","Euro","Malaysian ringgit","04/24/2008",4.968
"Middle Rate","1200","Euro","Malaysian ringgit","04/25/2008",4.9425
"Middle Rate","1200","Euro","Malaysian ringgit","04/28/2008",4.9352
"Middle Rate","1200","Euro","Malaysian ringgit","04/29/2008",4.9362
"Middle Rate","1200","Euro","Malaysian ringgit","04/30/2008",4.9183
"Middle Rate","1200","Euro","Malaysian ringgit","05/02/2008",4.885
"Middle Rate","1200","Euro","Malaysian ringgit","05/05/2008",4.8941
"Middle Rate","1200","Euro","Malaysian ringgit","05/06/2008",4.887
"Middle Rate","1200","Euro","Malaysian ringgit","05/07/2008",4.8878
"Middle Rate","1200","Euro","Malaysian ringgit","05/08/2008",4.9113
"Middle Rate","1200","Euro","Malaysian ringgit","05/09/2008",4.9424
"Middle Rate","1200","Euro","Malaysian ringgit","05/12/2008",4.9571
"Middle Rate","1200","Euro","Malaysian ringgit","05/13/2008",5.0012
"Middle Rate","1200","Euro","Malaysian ringgit","05/14/2008",5.024
"Middle Rate","1200","Euro","Malaysian ringgit","05/15/2008",5.0606
"Middle Rate","1200","Euro","Malaysian ringgit","05/16/2008",5.034
"Middle Rate","1200","Euro","Malaysian ringgit","05/20/2008",5.053
"Middle Rate","1200","Euro","Malaysian ringgit","05/21/2008",5.0604
"Middle Rate","1200","Euro","Malaysian ringgit","05/22/2008",5.0652
"Middle Rate","1200","Euro","Malaysian ringgit","05/23/2008",5.0605
"Middle Rate","1200","Euro","Malaysian ringgit","05/26/2008",5.0788
"Middle Rate","1200","Euro","Malaysian ringgit","05/27/2008",5.1289
"Middle Rate","1200","Euro","Malaysian ringgit","05/28/2008",5.0893
"Middle Rate","1200","Euro","Malaysian ringgit","05/29/2008",5.0639
"Middle Rate","1200","Euro","Malaysian ringgit","05/30/2008",5.0334
"Middle Rate","1200","Euro","Malaysian ringgit","06/02/2008",5.0116
"Middle Rate","1200","Euro","Malaysian ringgit","06/03/2008",5.011
"Middle Rate","1200","Euro","Malaysian ringgit","06/04/2008",4.9958
"Middle Rate","1200","Euro","Malaysian ringgit","06/05/2008",5.0186
"Middle Rate","1200","Euro","Malaysian ringgit","06/06/2008",5.0769
"Middle Rate","1200","Euro","Malaysian ringgit","06/09/2008",5.1506
"Middle Rate","1200","Euro","Malaysian ringgit","06/10/2008",5.0949
"Middle Rate","1200","Euro","Malaysian ringgit","06/11/2008",5.0628
"Middle Rate","1200","Euro","Malaysian ringgit","06/12/2008",5.0699
"Middle Rate","1200","Euro","Malaysian ringgit","06/13/2008",5.059
"Middle Rate","1200","Euro","Malaysian ringgit","06/16/2008",5.0418
"Middle Rate","1200","Euro","Malaysian ringgit","06/17/2008",5.0563
"Middle Rate","1200","Euro","Malaysian ringgit","06/18/2008",5.0272
"Middle Rate","1200","Euro","Malaysian ringgit","06/19/2008",5.0758
"Middle Rate","1200","Euro","Malaysian ringgit","06/20/2008",5.0543
"Middle Rate","1200","Euro","Malaysian ringgit","06/23/2008",5.0974
"Middle Rate","1200","Euro","Malaysian ringgit","06/24/2008",5.0672
"Middle Rate","1200","Euro","Malaysian ringgit","06/25/2008",5.083
"Middle Rate","1200","Euro","Malaysian ringgit","06/26/2008",5.1057
"Middle Rate","1200","Euro","Malaysian ringgit","06/27/2008",5.1367
"Middle Rate","1200","Euro","Malaysian ringgit","06/30/2008",5.1565
"Middle Rate","1200","Euro","Malaysian ringgit","07/01/2008",5.1457
"Middle Rate","1200","Euro","Malaysian ringgit","07/02/2008",5.1741
"Middle Rate","1200","Euro","Malaysian ringgit","07/03/2008",5.1859
"Middle Rate","1200","Euro","Malaysian ringgit","07/04/2008",5.1357
"Middle Rate","1200","Euro","Malaysian ringgit","07/07/2008",5.1097
"Middle Rate","1200","Euro","Malaysian ringgit","07/08/2008",5.1199
"Middle Rate","1200","Euro","Malaysian ringgit","07/09/2008",5.0944
"Middle Rate","1200","Euro","Malaysian ringgit","07/10/2008",5.0996
"Middle Rate","1200","Euro","Malaysian ringgit","07/11/2008",5.1278
"Middle Rate","1200","Euro","Malaysian ringgit","07/14/2008",5.1469
"Middle Rate","1200","Euro","Malaysian ringgit","07/15/2008",5.1246
"Middle Rate","1200","Euro","Malaysian ringgit","07/16/2008",5.1273
"Middle Rate","1200","Euro","Malaysian ringgit","07/17/2008",5.1172
"Middle Rate","1200","Euro","Malaysian ringgit","07/18/2008",5.1384
"Middle Rate","1200","Euro","Malaysian ringgit","07/21/2008",5.136
"Middle Rate","1200","Euro","Malaysian ringgit","07/22/2008",5.1616
"Middle Rate","1200","Euro","Malaysian ringgit","07/23/2008",5.1208
"Middle Rate","1200","Euro","Malaysian ringgit","07/24/2008",5.0912
"Middle Rate","1200","Euro","Malaysian ringgit","07/25/2008",5.1024
"Middle Rate","1200","Euro","Malaysian ringgit","07/28/2008",5.1318
"Middle Rate","1200","Euro","Malaysian ringgit","07/29/2008",5.1311
"Middle Rate","1200","Euro","Malaysian ringgit","07/30/2008",5.0857
"Middle Rate","1200","Euro","Malaysian ringgit","07/31/2008",5.0859
"Middle Rate","1200","Euro","Malaysian ringgit","08/01/2008",5.078
"Middle Rate","1200","Euro","Malaysian ringgit","08/04/2008",5.0906
"Middle Rate","1200","Euro","Malaysian ringgit","08/05/2008",5.0786
"Middle Rate","1200","Euro","Malaysian ringgit","08/06/2008",5.0764
"Middle Rate","1200","Euro","Malaysian ringgit","08/07/2008",5.068
"Middle Rate","1200","Euro","Malaysian ringgit","08/08/2008",5.0156
"Middle Rate","1200","Euro","Malaysian ringgit","08/11/2008",4.9692
"Middle Rate","1200","Euro","Malaysian ringgit","08/12/2008",4.9616
"Middle Rate","1200","Euro","Malaysian ringgit","08/13/2008",4.9531
"Middle Rate","1200","Euro","Malaysian ringgit","08/14/2008",4.9614
"Middle Rate","1200","Euro","Malaysian ringgit","08/15/2008",4.9374
"Middle Rate","1200","Euro","Malaysian ringgit","08/18/2008",4.925
"Middle Rate","1200","Euro","Malaysian ringgit","08/19/2008",4.9021
"Middle Rate","1200","Euro","Malaysian ringgit","08/20/2008",4.9206
"Middle Rate","1200","Euro","Malaysian ringgit","08/21/2008",4.9389
"Middle Rate","1200","Euro","Malaysian ringgit","08/22/2008",4.9667
"Middle Rate","1200","Euro","Malaysian ringgit","08/25/2008",4.9563
"Middle Rate","1200","Euro","Malaysian ringgit","08/26/2008",4.987
"Middle Rate","1200","Euro","Malaysian ringgit","08/27/2008",4.9685
"Middle Rate","1200","Euro","Malaysian ringgit","08/28/2008",4.9934
"Middle Rate","1200","Euro","Malaysian ringgit","08/29/2008",4.9971
"Middle Rate","1200","Euro","Malaysian ringgit","09/02/2008",4.9875
"Middle Rate","1200","Euro","Malaysian ringgit","09/03/2008",4.9852
"Middle Rate","1200","Euro","Malaysian ringgit","09/04/2008",4.9753
"Middle Rate","1200","Euro","Malaysian ringgit","09/05/2008",4.9375
"Middle Rate","1200","Euro","Malaysian ringgit","09/08/2008",4.9254
"Middle Rate","1200","Euro","Malaysian ringgit","09/09/2008",4.8634
"Middle Rate","1200","Euro","Malaysian ringgit","09/10/2008",4.8886
"Middle Rate","1200","Euro","Malaysian ringgit","09/11/2008",4.8398
"Middle Rate","1200","Euro","Malaysian ringgit","09/12/2008",4.8403
"Middle Rate","1200","Euro","Malaysian ringgit","09/15/2008",4.9772
"Middle Rate","1200","Euro","Malaysian ringgit","09/16/2008",4.8989
"Middle Rate","1200","Euro","Malaysian ringgit","09/17/2008",4.881
"Middle Rate","1200","Euro","Malaysian ringgit","09/18/2008",4.9673
"Middle Rate","1200","Euro","Malaysian ringgit","09/19/2008",4.9205
"Middle Rate","1200","Euro","Malaysian ringgit","09/22/2008",4.967
"Middle Rate","1200","Euro","Malaysian ringgit","09/23/2008",5.0261
"Middle Rate","1200","Euro","Malaysian ringgit","09/24/2008",5.0211
"Middle Rate","1200","Euro","Malaysian ringgit","09/25/2008",5.0425
"Middle Rate","1200","Euro","Malaysian ringgit","09/26/2008",5.0378
"Middle Rate","1200","Euro","Malaysian ringgit","09/29/2008",4.991
"Middle Rate","1200","Euro","Malaysian ringgit","09/30/2008",4.9636
"Middle Rate","1200","Euro","Malaysian ringgit","10/03/2008",4.8132
"Middle Rate","1200","Euro","Malaysian ringgit","10/06/2008",4.7491
"Middle Rate","1200","Euro","Malaysian ringgit","10/07/2008",4.7305
"Middle Rate","1200","Euro","Malaysian ringgit","10/08/2008",4.7571
"Middle Rate","1200","Euro","Malaysian ringgit","10/09/2008",4.7905
"Middle Rate","1200","Euro","Malaysian ringgit","10/10/2008",4.7579
"Middle Rate","1200","Euro","Malaysian ringgit","10/13/2008",4.7513
"Middle Rate","1200","Euro","Malaysian ringgit","10/14/2008",4.7745
"Middle Rate","1200","Euro","Malaysian ringgit","10/15/2008",4.7654
"Middle Rate","1200","Euro","Malaysian ringgit","10/16/2008",4.7489
"Middle Rate","1200","Euro","Malaysian ringgit","10/17/2008",4.7459
"Middle Rate","1200","Euro","Malaysian ringgit","10/20/2008",4.7428
"Middle Rate","1200","Euro","Malaysian ringgit","10/21/2008",4.6995
"Middle Rate","1200","Euro","Malaysian ringgit","10/22/2008",4.573
"Middle Rate","1200","Euro","Malaysian ringgit","10/23/2008",4.5558
"Middle Rate","1200","Euro","Malaysian ringgit","10/24/2008",4.5628
"Middle Rate","1200","Euro","Malaysian ringgit","10/28/2008",4.4657
"Middle Rate","1200","Euro","Malaysian ringgit","10/29/2008",4.5436
"Middle Rate","1200","Euro","Malaysian ringgit","10/30/2008",4.7007
"Middle Rate","1200","Euro","Malaysian ringgit","10/31/2008",4.5794
"Middle Rate","1200","Euro","Malaysian ringgit","11/03/2008",4.5287
"Middle Rate","1200","Euro","Malaysian ringgit","11/04/2008",4.4531
"Middle Rate","1200","Euro","Malaysian ringgit","11/05/2008",4.5605
"Middle Rate","1200","Euro","Malaysian ringgit","11/06/2008",4.559
"Middle Rate","1200","Euro","Malaysian ringgit","11/07/2008",4.5299
"Middle Rate","1200","Euro","Malaysian ringgit","11/10/2008",4.5549
"Middle Rate","1200","Euro","Malaysian ringgit","11/11/2008",4.5588
"Middle Rate","1200","Euro","Malaysian ringgit","11/12/2008",4.5013
"Middle Rate","1200","Euro","Malaysian ringgit","11/13/2008",4.4918
"Middle Rate","1200","Euro","Malaysian ringgit","11/14/2008",4.5903
"Middle Rate","1200","Euro","Malaysian ringgit","11/17/2008",4.5237
"Middle Rate","1200","Euro","Malaysian ringgit","11/18/2008",4.5375
"Middle Rate","1200","Euro","Malaysian ringgit","11/19/2008",4.5557
"Middle Rate","1200","Euro","Malaysian ringgit","11/20/2008",4.5315
"Middle Rate","1200","Euro","Malaysian ringgit","11/21/2008",4.5227
"Middle Rate","1200","Euro","Malaysian ringgit","11/24/2008",4.5818
"Middle Rate","1200","Euro","Malaysian ringgit","11/25/2008",4.6452
"Middle Rate","1200","Euro","Malaysian ringgit","11/26/2008",4.6958
"Middle Rate","1200","Euro","Malaysian ringgit","11/27/2008",4.6774
"Middle Rate","1200","Euro","Malaysian ringgit","11/28/2008",4.666
"Middle Rate","1200","Euro","Malaysian ringgit","12/01/2008",4.5953
"Middle Rate","1200","Euro","Malaysian ringgit","12/02/2008",4.5942
"Middle Rate","1200","Euro","Malaysian ringgit","12/03/2008",4.6348
"Middle Rate","1200","Euro","Malaysian ringgit","12/04/2008",4.6224
"Middle Rate","1200","Euro","Malaysian ringgit","12/05/2008",4.6444
"Middle Rate","1200","Euro","Malaysian ringgit","12/09/2008",4.6715
"Middle Rate","1200","Euro","Malaysian ringgit","12/10/2008",4.6868
"Middle Rate","1200","Euro","Malaysian ringgit","12/11/2008",4.6828
"Middle Rate","1200","Euro","Malaysian ringgit","12/12/2008",4.7576
"Middle Rate","1200","Euro","Malaysian ringgit","12/15/2008",4.8061
"Middle Rate","1200","Euro","Malaysian ringgit","12/16/2008",4.8745
"Middle Rate","1200","Euro","Malaysian ringgit","12/17/2008",4.9746
"Middle Rate","1200","Euro","Malaysian ringgit","12/18/2008",5.0253
"Middle Rate","1200","Euro","Malaysian ringgit","12/19/2008",4.9523
"Middle Rate","1200","Euro","Malaysian ringgit","12/22/2008",4.8656
"Middle Rate","1200","Euro","Malaysian ringgit","12/23/2008",4.8832
"Middle Rate","1200","Euro","Malaysian ringgit","12/24/2008",4.8504
"Middle Rate","1200","Euro","Malaysian ringgit","12/26/2008",4.8877
"Middle Rate","1200","Euro","Malaysian ringgit","12/30/2008",4.9161
"Middle Rate","1200","Euro","Malaysian ringgit","12/31/2008",4.8759
"Middle Rate","1200","Euro","Malaysian ringgit","01/02/2009",4.8219
"Middle Rate","1200","Euro","Malaysian ringgit","01/05/2009",4.8299
"Middle Rate","1200","Euro","Malaysian ringgit","01/06/2009",4.7592
"Middle Rate","1200","Euro","Malaysian ringgit","01/07/2009",4.7342
"Middle Rate","1200","Euro","Malaysian ringgit","01/08/2009",4.7975
"Middle Rate","1200","Euro","Malaysian ringgit","01/09/2009",4.8348
"Middle Rate","1200","Euro","Malaysian ringgit","01/12/2009",4.7869
"Middle Rate","1200","Euro","Malaysian ringgit","01/13/2009",4.7695
"Middle Rate","1200","Euro","Malaysian ringgit","01/14/2009",4.7376
"Middle Rate","1200","Euro","Malaysian ringgit","01/15/2009",4.7284
"Middle Rate","1200","Euro","Malaysian ringgit","01/16/2009",4.739
"Middle Rate","1200","Euro","Malaysian ringgit","01/19/2009",4.7724
"Middle Rate","1200","Euro","Malaysian ringgit","01/20/2009",4.6963
"Middle Rate","1200","Euro","Malaysian ringgit","01/21/2009",4.6877
"Middle Rate","1200","Euro","Malaysian ringgit","01/22/2009",4.7027
"Middle Rate","1200","Euro","Malaysian ringgit","01/23/2009",4.696
"Middle Rate","1200","Euro","Malaysian ringgit","01/28/2009",4.7772
"Middle Rate","1200","Euro","Malaysian ringgit","01/29/2009",4.7117
"Middle Rate","1200","Euro","Malaysian ringgit","01/30/2009",4.6517
"Middle Rate","1200","Euro","Malaysian ringgit","02/03/2009",4.668
"Middle Rate","1200","Euro","Malaysian ringgit","02/04/2009",4.6988
"Middle Rate","1200","Euro","Malaysian ringgit","02/05/2009",4.6482
"Middle Rate","1200","Euro","Malaysian ringgit","02/06/2009",4.612
"Middle Rate","1200","Euro","Malaysian ringgit","02/10/2009",4.6041
"Middle Rate","1200","Euro","Malaysian ringgit","02/11/2009",4.6552
"Middle Rate","1200","Euro","Malaysian ringgit","02/12/2009",4.6557
"Middle Rate","1200","Euro","Malaysian ringgit","02/13/2009",4.6791
"Middle Rate","1200","Euro","Malaysian ringgit","02/16/2009",4.6211
"Middle Rate","1200","Euro","Malaysian ringgit","02/17/2009",4.592
"Middle Rate","1200","Euro","Malaysian ringgit","02/18/2009",4.6055
"Middle Rate","1200","Euro","Malaysian ringgit","02/19/2009",4.6058
"Middle Rate","1200","Euro","Malaysian ringgit","02/20/2009",4.6311
"Middle Rate","1200","Euro","Malaysian ringgit","02/23/2009",4.7323
"Middle Rate","1200","Euro","Malaysian ringgit","02/24/2009",4.6676
"Middle Rate","1200","Euro","Malaysian ringgit","02/25/2009",4.6997
"Middle Rate","1200","Euro","Malaysian ringgit","02/26/2009",4.6813
"Middle Rate","1200","Euro","Malaysian ringgit","02/27/2009",4.6952
"Middle Rate","1200","Euro","Malaysian ringgit","03/02/2009",4.6837
"Middle Rate","1200","Euro","Malaysian ringgit","03/03/2009",4.6824
"Middle Rate","1200","Euro","Malaysian ringgit","03/04/2009",4.6474
"Middle Rate","1200","Euro","Malaysian ringgit","03/05/2009",4.6905
"Middle Rate","1200","Euro","Malaysian ringgit","03/06/2009",4.6794
"Middle Rate","1200","Euro","Malaysian ringgit","03/10/2009",4.692
"Middle Rate","1200","Euro","Malaysian ringgit","03/11/2009",4.6778
"Middle Rate","1200","Euro","Malaysian ringgit","03/12/2009",4.7334
"Middle Rate","1200","Euro","Malaysian ringgit","03/13/2009",4.777
"Middle Rate","1200","Euro","Malaysian ringgit","03/16/2009",4.7659
"Middle Rate","1200","Euro","Malaysian ringgit","03/17/2009",4.7757
"Middle Rate","1200","Euro","Malaysian ringgit","03/18/2009",4.7827
"Middle Rate","1200","Euro","Malaysian ringgit","03/19/2009",4.9177
"Middle Rate","1200","Euro","Malaysian ringgit","03/20/2009",4.9777
"Middle Rate","1200","Euro","Malaysian ringgit","03/23/2009",4.9844
"Middle Rate","1200","Euro","Malaysian ringgit","03/24/2009",4.9454
"Middle Rate","1200","Euro","Malaysian ringgit","03/25/2009",4.897
"Middle Rate","1200","Euro","Malaysian ringgit","03/26/2009",4.9238
"Middle Rate","1200","Euro","Malaysian ringgit","03/27/2009",4.9038
"Middle Rate","1200","Euro","Malaysian ringgit","03/30/2009",4.8252
"Middle Rate","1200","Euro","Malaysian ringgit","03/31/2009",4.8348
"Middle Rate","1200","Euro","Malaysian ringgit","04/01/2009",4.8196
"Middle Rate","1200","Euro","Malaysian ringgit","04/02/2009",4.8161
"Middle Rate","1200","Euro","Malaysian ringgit","04/03/2009",4.822
"Middle Rate","1200","Euro","Malaysian ringgit","04/06/2009",4.8211
"Middle Rate","1200","Euro","Malaysian ringgit","04/07/2009",4.7871
"Middle Rate","1200","Euro","Malaysian ringgit","04/08/2009",4.7941
"Middle Rate","1200","Euro","Malaysian ringgit","04/09/2009",4.7967
"Middle Rate","1200","Euro","Malaysian ringgit","04/10/2009",4.7505
"Middle Rate","1200","Euro","Malaysian ringgit","04/13/2009",4.7603
"Middle Rate","1200","Euro","Malaysian ringgit","04/14/2009",4.7923
"Middle Rate","1200","Euro","Malaysian ringgit","04/15/2009",4.7914
"Middle Rate","1200","Euro","Malaysian ringgit","04/16/2009",4.7421
"Middle Rate","1200","Euro","Malaysian ringgit","04/17/2009",4.7268
"Middle Rate","1200","Euro","Malaysian ringgit","04/20/2009",4.7199
"Middle Rate","1200","Euro","Malaysian ringgit","04/21/2009",4.7196
"Middle Rate","1200","Euro","Malaysian ringgit","04/22/2009",4.707
"Middle Rate","1200","Euro","Malaysian ringgit","04/23/2009",4.7334
"Middle Rate","1200","Euro","Malaysian ringgit","04/24/2009",4.7255
"Middle Rate","1200","Euro","Malaysian ringgit","04/27/2009",4.7427
"Middle Rate","1200","Euro","Malaysian ringgit","04/28/2009",4.7117
"Middle Rate","1200","Euro","Malaysian ringgit","04/29/2009",4.746
"Middle Rate","1200","Euro","Malaysian ringgit","04/30/2009",4.7404
"Middle Rate","1200","Euro","Malaysian ringgit","05/04/2009",4.7024
"Middle Rate","1200","Euro","Malaysian ringgit","05/05/2009",4.7032
"Middle Rate","1200","Euro","Malaysian ringgit","05/06/2009",4.6997
"Middle Rate","1200","Euro","Malaysian ringgit","05/07/2009",4.6763
"Middle Rate","1200","Euro","Malaysian ringgit","05/08/2009",4.7242
"Middle Rate","1200","Euro","Malaysian ringgit","05/11/2009",4.781
"Middle Rate","1200","Euro","Malaysian ringgit","05/12/2009",4.7906
"Middle Rate","1200","Euro","Malaysian ringgit","05/13/2009",4.8057
"Middle Rate","1200","Euro","Malaysian ringgit","05/14/2009",4.8149
"Middle Rate","1200","Euro","Malaysian ringgit","05/15/2009",4.8318
"Middle Rate","1200","Euro","Malaysian ringgit","05/18/2009",4.7949
"Middle Rate","1200","Euro","Malaysian ringgit","05/19/2009",4.8045
"Middle Rate","1200","Euro","Malaysian ringgit","05/20/2009",4.8311
"Middle Rate","1200","Euro","Malaysian ringgit","05/21/2009",4.8642
"Middle Rate","1200","Euro","Malaysian ringgit","05/22/2009",4.8699
"Middle Rate","1200","Euro","Malaysian ringgit","05/25/2009",4.8785
"Middle Rate","1200","Euro","Malaysian ringgit","05/26/2009",4.8787
"Middle Rate","1200","Euro","Malaysian ringgit","05/27/2009",4.8766
"Middle Rate","1200","Euro","Malaysian ringgit","05/28/2009",4.8679
"Middle Rate","1200","Euro","Malaysian ringgit","05/29/2009",4.9047
"Middle Rate","1200","Euro","Malaysian ringgit","06/01/2009",4.9322
"Middle Rate","1200","Euro","Malaysian ringgit","06/02/2009",4.9382
"Middle Rate","1200","Euro","Malaysian ringgit","06/03/2009",4.9751
"Middle Rate","1200","Euro","Malaysian ringgit","06/04/2009",4.9526
"Middle Rate","1200","Euro","Malaysian ringgit","06/05/2009",4.9624
"Middle Rate","1200","Euro","Malaysian ringgit","06/08/2009",4.9114
"Middle Rate","1200","Euro","Malaysian ringgit","06/09/2009",4.8805
"Middle Rate","1200","Euro","Malaysian ringgit","06/10/2009",4.9447
"Middle Rate","1200","Euro","Malaysian ringgit","06/11/2009",4.9201
"Middle Rate","1200","Euro","Malaysian ringgit","06/12/2009",4.9421
"Middle Rate","1200","Euro","Malaysian ringgit","06/15/2009",4.9176
"Middle Rate","1200","Euro","Malaysian ringgit","06/16/2009",4.8788
"Middle Rate","1200","Euro","Malaysian ringgit","06/17/2009",4.8957
"Middle Rate","1200","Euro","Malaysian ringgit","06/18/2009",4.9211
"Middle Rate","1200","Euro","Malaysian ringgit","06/19/2009",4.9228
"Middle Rate","1200","Euro","Malaysian ringgit","06/22/2009",4.9233
"Middle Rate","1200","Euro","Malaysian ringgit","06/23/2009",4.9196
"Middle Rate","1200","Euro","Malaysian ringgit","06/24/2009",4.9819
"Middle Rate","1200","Euro","Malaysian ringgit","06/25/2009",4.9347
"Middle Rate","1200","Euro","Malaysian ringgit","06/26/2009",4.9679
"Middle Rate","1200","Euro","Malaysian ringgit","06/29/2009",4.9582
"Middle Rate","1200","Euro","Malaysian ringgit","06/30/2009",4.9699
"Middle Rate","1200","Euro","Malaysian ringgit","07/01/2009",4.9422
"Middle Rate","1200","Euro","Malaysian ringgit","07/02/2009",4.9625
"Middle Rate","1200","Euro","Malaysian ringgit","07/03/2009",4.929
"Middle Rate","1200","Euro","Malaysian ringgit","07/06/2009",4.9405
"Middle Rate","1200","Euro","Malaysian ringgit","07/07/2009",4.948
"Middle Rate","1200","Euro","Malaysian ringgit","07/08/2009",4.9547
"Middle Rate","1200","Euro","Malaysian ringgit","07/09/2009",4.9684
"Middle Rate","1200","Euro","Malaysian ringgit","07/10/2009",4.9915
"Middle Rate","1200","Euro","Malaysian ringgit","07/13/2009",4.9979
"Middle Rate","1200","Euro","Malaysian ringgit","07/14/2009",5.0164
"Middle Rate","1200","Euro","Malaysian ringgit","07/15/2009",4.9933
"Middle Rate","1200","Euro","Malaysian ringgit","07/16/2009",5.0227
"Middle Rate","1200","Euro","Malaysian ringgit","07/17/2009",5.0486
"Middle Rate","1200","Euro","Malaysian ringgit","07/20/2009",5.0337
"Middle Rate","1200","Euro","Malaysian ringgit","07/21/2009",5.0298
"Middle Rate","1200","Euro","Malaysian ringgit","07/22/2009",5.0406
"Middle Rate","1200","Euro","Malaysian ringgit","07/23/2009",5.0406
"Middle Rate","1200","Euro","Malaysian ringgit","07/24/2009",5.0093
"Middle Rate","1200","Euro","Malaysian ringgit","07/27/2009",5.0168
"Middle Rate","1200","Euro","Malaysian ringgit","07/28/2009",5.0148
"Middle Rate","1200","Euro","Malaysian ringgit","07/29/2009",4.9898
"Middle Rate","1200","Euro","Malaysian ringgit","07/30/2009",4.9756
"Middle Rate","1200","Euro","Malaysian ringgit","07/31/2009",4.9729
"Middle Rate","1200","Euro","Malaysian ringgit","08/03/2009",4.9963
"Middle Rate","1200","Euro","Malaysian ringgit","08/04/2009",5.0252
"Middle Rate","1200","Euro","Malaysian ringgit","08/05/2009",5.0273
"Middle Rate","1200","Euro","Malaysian ringgit","08/06/2009",5.0326
"Middle Rate","1200","Euro","Malaysian ringgit","08/07/2009",5.0301
"Middle Rate","1200","Euro","Malaysian ringgit","08/10/2009",4.9758
"Middle Rate","1200","Euro","Malaysian ringgit","08/11/2009",4.9702
"Middle Rate","1200","Euro","Malaysian ringgit","08/12/2009",4.9849
"Middle Rate","1200","Euro","Malaysian ringgit","08/13/2009",5.0035
"Middle Rate","1200","Euro","Malaysian ringgit","08/14/2009",5.018
"Middle Rate","1200","Euro","Malaysian ringgit","08/17/2009",5.0072
"Middle Rate","1200","Euro","Malaysian ringgit","08/18/2009",4.9962
"Middle Rate","1200","Euro","Malaysian ringgit","08/19/2009",5.0026
"Middle Rate","1200","Euro","Malaysian ringgit","08/20/2009",5.0259
"Middle Rate","1200","Euro","Malaysian ringgit","08/21/2009",5.0207
"Middle Rate","1200","Euro","Malaysian ringgit","08/24/2009",5.0312
"Middle Rate","1200","Euro","Malaysian ringgit","08/25/2009",5.0232
"Middle Rate","1200","Euro","Malaysian ringgit","08/26/2009",5.0429
"Middle Rate","1200","Euro","Malaysian ringgit","08/27/2009",5.0342
"Middle Rate","1200","Euro","Malaysian ringgit","08/28/2009",5.0621
"Middle Rate","1200","Euro","Malaysian ringgit","09/01/2009",5.0689
"Middle Rate","1200","Euro","Malaysian ringgit","09/02/2009",5.033
"Middle Rate","1200","Euro","Malaysian ringgit","09/03/2009",5.0439
"Middle Rate","1200","Euro","Malaysian ringgit","09/04/2009",5.0313
"Middle Rate","1200","Euro","Malaysian ringgit","09/07/2009",5.0415
"Middle Rate","1200","Euro","Malaysian ringgit","09/08/2009",5.0357
"Middle Rate","1200","Euro","Malaysian ringgit","09/09/2009",5.062
"Middle Rate","1200","Euro","Malaysian ringgit","09/10/2009",5.0909
"Middle Rate","1200","Euro","Malaysian ringgit","09/11/2009",5.0984
"Middle Rate","1200","Euro","Malaysian ringgit","09/14/2009",5.0895
"Middle Rate","1200","Euro","Malaysian ringgit","09/15/2009",5.1212
"Middle Rate","1200","Euro","Malaysian ringgit","09/16/2009",5.1264
"Middle Rate","1200","Euro","Malaysian ringgit","09/17/2009",5.1072
"Middle Rate","1200","Euro","Malaysian ringgit","09/18/2009",5.1202
"Middle Rate","1200","Euro","Malaysian ringgit","09/23/2009",5.1278
"Middle Rate","1200","Euro","Malaysian ringgit","09/24/2009",5.1186
"Middle Rate","1200","Euro","Malaysian ringgit","09/25/2009",5.0949
"Middle Rate","1200","Euro","Malaysian ringgit","09/28/2009",5.0673
"Middle Rate","1200","Euro","Malaysian ringgit","09/29/2009",5.101
"Middle Rate","1200","Euro","Malaysian ringgit","09/30/2009",5.0799
"Middle Rate","1200","Euro","Malaysian ringgit","10/01/2009",5.0683
"Middle Rate","1200","Euro","Malaysian ringgit","10/02/2009",5.0513
"Middle Rate","1200","Euro","Malaysian ringgit","10/05/2009",5.0714
"Middle Rate","1200","Euro","Malaysian ringgit","10/06/2009",5.0603
"Middle Rate","1200","Euro","Malaysian ringgit","10/07/2009",5.0434
"Middle Rate","1200","Euro","Malaysian ringgit","10/08/2009",5.0069
"Middle Rate","1200","Euro","Malaysian ringgit","10/09/2009",4.9926
"Middle Rate","1200","Euro","Malaysian ringgit","10/12/2009",5.0104
"Middle Rate","1200","Euro","Malaysian ringgit","10/13/2009",5.0071
"Middle Rate","1200","Euro","Malaysian ringgit","10/14/2009",5.0212
"Middle Rate","1200","Euro","Malaysian ringgit","10/15/2009",5.0055
"Middle Rate","1200","Euro","Malaysian ringgit","10/16/2009",5.0274
"Middle Rate","1200","Euro","Malaysian ringgit","10/19/2009",5.0333
"Middle Rate","1200","Euro","Malaysian ringgit","10/20/2009",5.029
"Middle Rate","1200","Euro","Malaysian ringgit","10/21/2009",5.0574
"Middle Rate","1200","Euro","Malaysian ringgit","10/22/2009",5.082
"Middle Rate","1200","Euro","Malaysian ringgit","10/23/2009",5.083
"Middle Rate","1200","Euro","Malaysian ringgit","10/26/2009",5.0823
"Middle Rate","1200","Euro","Malaysian ringgit","10/27/2009",5.0571
"Middle Rate","1200","Euro","Malaysian ringgit","10/28/2009",5.0574
"Middle Rate","1200","Euro","Malaysian ringgit","10/29/2009",5.0582
"Middle Rate","1200","Euro","Malaysian ringgit","10/30/2009",5.0617
"Middle Rate","1200","Euro","Malaysian ringgit","11/02/2009",5.0605
"Middle Rate","1200","Euro","Malaysian ringgit","11/03/2009",5.0524
"Middle Rate","1200","Euro","Malaysian ringgit","11/04/2009",5.0396
"Middle Rate","1200","Euro","Malaysian ringgit","11/05/2009",5.0757
"Middle Rate","1200","Euro","Malaysian ringgit","11/06/2009",5.0688
"Middle Rate","1200","Euro","Malaysian ringgit","11/09/2009",5.0463
"Middle Rate","1200","Euro","Malaysian ringgit","11/10/2009",5.0608
"Middle Rate","1200","Euro","Malaysian ringgit","11/11/2009",5.0742
"Middle Rate","1200","Euro","Malaysian ringgit","11/12/2009",5.071
"Middle Rate","1200","Euro","Malaysian ringgit","11/13/2009",5.0267
"Middle Rate","1200","Euro","Malaysian ringgit","11/16/2009",5.0279
"Middle Rate","1200","Euro","Malaysian ringgit","11/17/2009",5.033
"Middle Rate","1200","Euro","Malaysian ringgit","11/18/2009",5.0129
"Middle Rate","1200","Euro","Malaysian ringgit","11/19/2009",5.0425
"Middle Rate","1200","Euro","Malaysian ringgit","11/20/2009",5.0649
"Middle Rate","1200","Euro","Malaysian ringgit","11/23/2009",5.0498
"Middle Rate","1200","Euro","Malaysian ringgit","11/24/2009",5.062
"Middle Rate","1200","Euro","Malaysian ringgit","11/25/2009",5.0643
"Middle Rate","1200","Euro","Malaysian ringgit","11/26/2009",5.103
"Middle Rate","1200","Euro","Malaysian ringgit","11/30/2009",5.1026
"Middle Rate","1200","Euro","Malaysian ringgit","12/01/2009",5.0908
"Middle Rate","1200","Euro","Malaysian ringgit","12/02/2009",5.0975
"Middle Rate","1200","Euro","Malaysian ringgit","12/03/2009",5.0948
"Middle Rate","1200","Euro","Malaysian ringgit","12/04/2009",5.0946
"Middle Rate","1200","Euro","Malaysian ringgit","12/07/2009",5.0529
"Middle Rate","1200","Euro","Malaysian ringgit","12/08/2009",5.0296
"Middle Rate","1200","Euro","Malaysian ringgit","12/09/2009",5.0123
"Middle Rate","1200","Euro","Malaysian ringgit","12/10/2009",5.0029
"Middle Rate","1200","Euro","Malaysian ringgit","12/11/2009",5.0074
"Middle Rate","1200","Euro","Malaysian ringgit","12/14/2009",4.9889
"Middle Rate","1200","Euro","Malaysian ringgit","12/15/2009",4.9898
"Middle Rate","1200","Euro","Malaysian ringgit","12/16/2009",4.9765
"Middle Rate","1200","Euro","Malaysian ringgit","12/17/2009",4.9533
"Middle Rate","1200","Euro","Malaysian ringgit","12/21/2009",4.9326
"Middle Rate","1200","Euro","Malaysian ringgit","12/22/2009",4.9127
"Middle Rate","1200","Euro","Malaysian ringgit","12/23/2009",4.9019
"Middle Rate","1200","Euro","Malaysian ringgit","12/24/2009",4.9206
"Middle Rate","1200","Euro","Malaysian ringgit","12/28/2009",4.9295
"Middle Rate","1200","Euro","Malaysian ringgit","12/29/2009",4.9345
"Middle Rate","1200","Euro","Malaysian ringgit","12/30/2009",4.9132
"Middle Rate","1200","Euro","Malaysian ringgit","12/31/2009",4.9191
"Middle Rate","1200","Euro","Malaysian ringgit","01/04/2010",4.8844
"Middle Rate","1200","Euro","Malaysian ringgit","01/05/2010",4.8869
"Middle Rate","1200","Euro","Malaysian ringgit","01/06/2010",4.8629
"Middle Rate","1200","Euro","Malaysian ringgit","01/07/2010",4.8554
"Middle Rate","1200","Euro","Malaysian ringgit","01/08/2010",4.8362
"Middle Rate","1200","Euro","Malaysian ringgit","01/11/2010",4.8407
"Middle Rate","1200","Euro","Malaysian ringgit","01/12/2010",4.845
"Middle Rate","1200","Euro","Malaysian ringgit","01/13/2010",4.8501
"Middle Rate","1200","Euro","Malaysian ringgit","01/14/2010",4.8453
"Middle Rate","1200","Euro","Malaysian ringgit","01/15/2010",4.8195
"Middle Rate","1200","Euro","Malaysian ringgit","01/18/2010",4.8029
"Middle Rate","1200","Euro","Malaysian ringgit","01/19/2010",4.8043
"Middle Rate","1200","Euro","Malaysian ringgit","01/20/2010",4.7661
"Middle Rate","1200","Euro","Malaysian ringgit","01/21/2010",4.7506
"Middle Rate","1200","Euro","Malaysian ringgit","01/22/2010",4.7946
"Middle Rate","1200","Euro","Malaysian ringgit","01/25/2010",4.821
"Middle Rate","1200","Euro","Malaysian ringgit","01/26/2010",4.8084
"Middle Rate","1200","Euro","Malaysian ringgit","01/27/2010",4.8156
"Middle Rate","1200","Euro","Malaysian ringgit","01/28/2010",4.7808
"Middle Rate","1200","Euro","Malaysian ringgit","01/29/2010",4.7625
"Middle Rate","1200","Euro","Malaysian ringgit","02/02/2010",4.7564
"Middle Rate","1200","Euro","Malaysian ringgit","02/03/2010",4.7612
"Middle Rate","1200","Euro","Malaysian ringgit","02/04/2010",4.7452
"Middle Rate","1200","Euro","Malaysian ringgit","02/05/2010",4.72
"Middle Rate","1200","Euro","Malaysian ringgit","02/08/2010",4.694
"Middle Rate","1200","Euro","Malaysian ringgit","02/09/2010",4.7073
"Middle Rate","1200","Euro","Malaysian ringgit","02/10/2010",4.7221
"Middle Rate","1200","Euro","Malaysian ringgit","02/11/2010",4.7155
"Middle Rate","1200","Euro","Malaysian ringgit","02/12/2010",4.6777
"Middle Rate","1200","Euro","Malaysian ringgit","02/17/2010",4.6641
"Middle Rate","1200","Euro","Malaysian ringgit","02/18/2010",4.6143
"Middle Rate","1200","Euro","Malaysian ringgit","04/01/2016",4.4386
"Middle Rate","1200","Euro","Malaysian ringgit","04/04/2016",4.4182
"Middle Rate","1200","Euro","Malaysian ringgit","04/05/2016",4.4678
"Middle Rate","1200","Euro","Malaysian ringgit","04/06/2016",4.4492
"Middle Rate","1200","Euro","Malaysian ringgit","04/07/2016",4.4505
"Middle Rate","1200","Euro","Malaysian ringgit","04/08/2016",4.4731
"Middle Rate","1200","Euro","Malaysian ringgit","04/11/2016",4.4287
"Middle Rate","1200","Euro","Malaysian ringgit","04/12/2016",4.439
"Middle Rate","1200","Euro","Malaysian ringgit","04/13/2016",4.3937
"Middle Rate","1200","Euro","Malaysian ringgit","04/14/2016",4.3977
"Middle Rate","1200","Euro","Malaysian ringgit","04/15/2016",4.3984
"Middle Rate","1200","Euro","Malaysian ringgit","04/18/2016",4.4389
"Middle Rate","1200","Euro","Malaysian ringgit","04/19/2016",4.4107
"Middle Rate","1200","Euro","Malaysian ringgit","04/20/2016",4.402
"Middle Rate","1200","Euro","Malaysian ringgit","04/21/2016",4.3838
"Middle Rate","1200","Euro","Malaysian ringgit","04/22/2016",4.4113
"Middle Rate","1200","Euro","Malaysian ringgit","04/25/2016",4.4003
"Middle Rate","1200","Euro","Malaysian ringgit","04/26/2016",4.4366
"Middle Rate","1200","Euro","Malaysian ringgit","04/27/2016",4.4446
"Middle Rate","1200","Euro","Malaysian ringgit","04/28/2016",4.4374
"Middle Rate","1200","Euro","Malaysian ringgit","04/29/2016",4.4449
"Middle Rate","1200","Euro","Malaysian ringgit","05/03/2016",4.5234
"Middle Rate","1200","Euro","Malaysian ringgit","05/04/2016",4.565
"Middle Rate","1200","Euro","Malaysian ringgit","05/05/2016",4.5986
"Middle Rate","1200","Euro","Malaysian ringgit","05/06/2016",4.5716
"Middle Rate","1200","Euro","Malaysian ringgit","05/09/2016",4.5614
"Middle Rate","1200","Euro","Malaysian ringgit","05/10/2016",4.6187
"Middle Rate","1200","Euro","Malaysian ringgit","05/11/2016",4.6156
"Middle Rate","1200","Euro","Malaysian ringgit","05/12/2016",4.5995
"Middle Rate","1200","Euro","Malaysian ringgit","05/13/2016",4.5811
"Middle Rate","1200","Euro","Malaysian ringgit","05/16/2016",4.5629
"Middle Rate","1200","Euro","Malaysian ringgit","05/17/2016",4.543
"Middle Rate","1200","Euro","Malaysian ringgit","05/18/2016",4.5543
"Middle Rate","1200","Euro","Malaysian ringgit","05/19/2016",4.5788
"Middle Rate","1200","Euro","Malaysian ringgit","05/20/2016",4.5709
"Middle Rate","1200","Euro","Malaysian ringgit","05/23/2016",4.5708
"Middle Rate","1200","Euro","Malaysian ringgit","05/24/2016",4.6152
"Middle Rate","1200","Euro","Malaysian ringgit","05/25/2016",4.5807
"Middle Rate","1200","Euro","Malaysian ringgit","05/26/2016",4.5646
"Middle Rate","1200","Euro","Malaysian ringgit","05/27/2016",4.5709
"Middle Rate","1200","Euro","Malaysian ringgit","05/30/2016",4.5632
"Middle Rate","1200","Euro","Malaysian ringgit","05/31/2016",4.5937
"Middle Rate","1200","Euro","Malaysian ringgit","06/01/2016",4.5992
"Middle Rate","1200","Euro","Malaysian ringgit","06/02/2016",4.6657
"Middle Rate","1200","Euro","Malaysian ringgit","06/03/2016",4.6302
"Middle Rate","1200","Euro","Malaysian ringgit","06/06/2016",4.6554
"Middle Rate","1200","Euro","Malaysian ringgit","06/07/2016",4.628
"Middle Rate","1200","Euro","Malaysian ringgit","06/08/2016",4.6172
"Middle Rate","1200","Euro","Malaysian ringgit","06/09/2016",4.6017
"Middle Rate","1200","Euro","Malaysian ringgit","06/10/2016",4.5993
"Middle Rate","1200","Euro","Malaysian ringgit","06/13/2016",4.6073
"Middle Rate","1200","Euro","Malaysian ringgit","06/14/2016",4.6221
"Middle Rate","1200","Euro","Malaysian ringgit","06/15/2016",4.5972
"Middle Rate","1200","Euro","Malaysian ringgit","06/16/2016",4.6137
"Middle Rate","1200","Euro","Malaysian ringgit","06/17/2016",4.6143
"Middle Rate","1200","Euro","Malaysian ringgit","06/20/2016",4.6378
"Middle Rate","1200","Euro","Malaysian ringgit","06/21/2016",4.5947
"Middle Rate","1200","Euro","Malaysian ringgit","06/23/2016",4.5609
"Middle Rate","1200","Euro","Malaysian ringgit","06/24/2016",4.5205
"Middle Rate","1200","Euro","Malaysian ringgit","06/27/2016",4.5318
"Middle Rate","1200","Euro","Malaysian ringgit","06/28/2016",4.5238
"Middle Rate","1200","Euro","Malaysian ringgit","06/29/2016",4.4904
"Middle Rate","1200","Euro","Malaysian ringgit","06/30/2016",4.4664
"Middle Rate","1200","Euro","Malaysian ringgit","07/01/2016",4.4284
"Middle Rate","1200","Euro","Malaysian ringgit","07/04/2016",4.4496
"Middle Rate","1200","Euro","Malaysian ringgit","07/05/2016",4.4536
"Middle Rate","1200","Euro","Malaysian ringgit","07/08/2016",4.4795
"Middle Rate","1200","Euro","Malaysian ringgit","07/11/2016",4.4058
"Middle Rate","1200","Euro","Malaysian ringgit","07/12/2016",4.4325
"Middle Rate","1200","Euro","Malaysian ringgit","07/13/2016",4.4099
"Middle Rate","1200","Euro","Malaysian ringgit","07/14/2016",4.397
"Middle Rate","1200","Euro","Malaysian ringgit","07/15/2016",4.4062
"Middle Rate","1200","Euro","Malaysian ringgit","07/18/2016",4.4018
"Middle Rate","1200","Euro","Malaysian ringgit","07/19/2016",4.4162
"Middle Rate","1200","Euro","Malaysian ringgit","07/20/2016",4.4256
"Middle Rate","1200","Euro","Malaysian ringgit","07/21/2016",4.4701
"Middle Rate","1200","Euro","Malaysian ringgit","07/22/2016",4.4875
"Middle Rate","1200","Euro","Malaysian ringgit","07/25/2016",4.4786
"Middle Rate","1200","Euro","Malaysian ringgit","07/26/2016",4.4787
"Middle Rate","1200","Euro","Malaysian ringgit","07/27/2016",4.4835
"Middle Rate","1200","Euro","Malaysian ringgit","07/28/2016",4.489
"Middle Rate","1200","Euro","Malaysian ringgit","07/29/2016",4.4959
"Middle Rate","1200","Euro","Malaysian ringgit","08/01/2016",4.5073
"Middle Rate","1200","Euro","Malaysian ringgit","08/02/2016",4.5269
"Middle Rate","1200","Euro","Malaysian ringgit","08/03/2016",4.5508
"Middle Rate","1200","Euro","Malaysian ringgit","08/04/2016",4.5105
"Middle Rate","1200","Euro","Malaysian ringgit","08/05/2016",4.4963
"Middle Rate","1200","Euro","Malaysian ringgit","08/08/2016",4.4891
"Middle Rate","1200","Euro","Malaysian ringgit","08/09/2016",4.4702
"Middle Rate","1200","Euro","Malaysian ringgit","08/10/2016",4.4563
"Middle Rate","1200","Euro","Malaysian ringgit","08/11/2016",4.4888
"Middle Rate","1200","Euro","Malaysian ringgit","08/12/2016",4.4677
"Middle Rate","1200","Euro","Malaysian ringgit","08/15/2016",4.4872
"Middle Rate","1200","Euro","Malaysian ringgit","08/16/2016",4.473
"Middle Rate","1200","Euro","Malaysian ringgit","08/17/2016",4.5096
"Middle Rate","1200","Euro","Malaysian ringgit","08/18/2016",4.519
"Middle Rate","1200","Euro","Malaysian ringgit","08/19/2016",4.5453
"Middle Rate","1200","Euro","Malaysian ringgit","08/22/2016",4.5491
"Middle Rate","1200","Euro","Malaysian ringgit","08/23/2016",4.5654
"Middle Rate","1200","Euro","Malaysian ringgit","08/24/2016",4.5599
"Middle Rate","1200","Euro","Malaysian ringgit","08/25/2016",4.545
"Middle Rate","1200","Euro","Malaysian ringgit","08/26/2016",4.5391
"Middle Rate","1200","Euro","Malaysian ringgit","08/29/2016",4.5218
"Middle Rate","1200","Euro","Malaysian ringgit","08/30/2016",4.5245
"Middle Rate","1200","Euro","Malaysian ringgit","09/01/2016",4.5475
"Middle Rate","1200","Euro","Malaysian ringgit","09/02/2016",4.5757
"Middle Rate","1200","Euro","Malaysian ringgit","09/05/2016",4.55
"Middle Rate","1200","Euro","Malaysian ringgit","09/06/2016",4.5507
"Middle Rate","1200","Euro","Malaysian ringgit","09/07/2016",4.5692
"Middle Rate","1200","Euro","Malaysian ringgit","09/08/2016",4.5666
"Middle Rate","1200","Euro","Malaysian ringgit","09/09/2016",4.5805
"Middle Rate","1200","Euro","Malaysian ringgit","09/13/2016",4.6104
"Middle Rate","1200","Euro","Malaysian ringgit","09/14/2016",4.6365
"Middle Rate","1200","Euro","Malaysian ringgit","09/15/2016",4.6413
"Middle Rate","1200","Euro","Malaysian ringgit","09/19/2016",4.6139
"Middle Rate","1200","Euro","Malaysian ringgit","09/20/2016",4.6288
"Middle Rate","1200","Euro","Malaysian ringgit","09/21/2016",4.6274
"Middle Rate","1200","Euro","Malaysian ringgit","09/22/2016",4.6063
"Middle Rate","1200","Euro","Malaysian ringgit","09/23/2016",4.6133
"Middle Rate","1200","Euro","Malaysian ringgit","09/26/2016",4.6407
"Middle Rate","1200","Euro","Malaysian ringgit","09/27/2016",4.6306
"Middle Rate","1200","Euro","Malaysian ringgit","09/28/2016",4.6425
"Middle Rate","1200","Euro","Malaysian ringgit","09/29/2016",4.6213
"Middle Rate","1200","Euro","Malaysian ringgit","09/30/2016",4.65
"Middle Rate","1200","Euro","Malaysian ringgit","10/04/2016",4.6198
"Middle Rate","1200","Euro","Malaysian ringgit","10/05/2016",4.6463
"Middle Rate","1200","Euro","Malaysian ringgit","10/06/2016",4.6299
"Middle Rate","1200","Euro","Malaysian ringgit","10/07/2016",4.6164
"Middle Rate","1200","Euro","Malaysian ringgit","10/10/2016",4.6425
"Middle Rate","1200","Euro","Malaysian ringgit","10/11/2016",4.6251
"Middle Rate","1200","Euro","Malaysian ringgit","10/12/2016",4.622
"Middle Rate","1200","Euro","Malaysian ringgit","10/13/2016",4.6389
"Middle Rate","1200","Euro","Malaysian ringgit","10/14/2016",4.647
"Middle Rate","1200","Euro","Malaysian ringgit","10/17/2016",4.6345
"Middle Rate","1200","Euro","Malaysian ringgit","10/18/2016",4.6402
"Middle Rate","1200","Euro","Malaysian ringgit","10/19/2016",4.605
"Middle Rate","1200","Euro","Malaysian ringgit","10/20/2016",4.5842
"Middle Rate","1200","Euro","Malaysian ringgit","10/21/2016",4.5717
"Middle Rate","1200","Euro","Malaysian ringgit","10/24/2016",4.5453
"Middle Rate","1200","Euro","Malaysian ringgit","10/25/2016",4.5422
"Middle Rate","1200","Euro","Malaysian ringgit","10/26/2016",4.5308
"Middle Rate","1200","Euro","Malaysian ringgit","10/27/2016",4.5585
"Middle Rate","1200","Euro","Malaysian ringgit","10/28/2016",4.5783
"Middle Rate","1200","Euro","Malaysian ringgit","10/31/2016",4.6112
"Middle Rate","1200","Euro","Malaysian ringgit","11/01/2016",4.5906
"Middle Rate","1200","Euro","Malaysian ringgit","11/02/2016",4.6439
"Middle Rate","1200","Euro","Malaysian ringgit","11/03/2016",4.6545
"Middle Rate","1200","Euro","Malaysian ringgit","11/04/2016",4.6558
"Middle Rate","1200","Euro","Malaysian ringgit","11/07/2016",4.6639
"Middle Rate","1200","Euro","Malaysian ringgit","11/08/2016",4.643
"Middle Rate","1200","Euro","Malaysian ringgit","11/09/2016",4.738
"Middle Rate","1200","Euro","Malaysian ringgit","11/10/2016",4.6499
